record_id,holiday_class,api_type,name,country_code,country_name,start_date,end_date,duration_days,nationwide,regional_scope,temporal_scope,target_region_count,tags,comment,source_provider,source_url,verification_status,record_origin,retrieved_at
a0c1fe95-4cdb-49d1-834e-5489c6c2dc69,school_holiday,School,Christmas Holidays,AT,Austria,2022-12-24,2023-01-06,14,true,National,FullDay,2,,,OpenHolidays API,https://openholidaysapi.org/SchoolHolidays,aggregated_official_calendar,api,2026-06-19T20:09:42+00:00
5a7eae70-428a-4bf5-8f40-8571e41cd058,school_holiday,School,Christmas Holidays,DE,Germany,2022-12-24,2023-01-07,15,false,Regional,FullDay,1,,,OpenHolidays API,https://openholidaysapi.org/SchoolHolidays,aggregated_official_calendar,api,2026-06-19T20:09:42+00:00
13f3463d-9e9f-4605-aeab-f4d9733d7bd7,public_holiday,Public,New Year's Day,AT,Austria,2023-01-01,2023-01-01,1,true,National,FullDay,2,,,OpenHolidays API,https://openholidaysapi.org/PublicHolidays,aggregated_official_calendar,api,2026-06-19T20:09:42+00:00
94498ba1-28e3-4dcd-b28f-d7aaf4cc56d7,public_holiday,Public,New Year's Day,DE,Germany,2023-01-01,2023-01-01,1,true,Regional,FullDay,1,,,OpenHolidays API,https://openholidaysapi.org/PublicHolidays,aggregated_official_calendar,api,2026-06-19T20:09:42+00:00
89cba73b-bb5d-44dd-b6ef-bead84113a54,public_holiday,Public,Epiphany,AT,Austria,2023-01-06,2023-01-06,1,true,National,FullDay,2,,,OpenHolidays API,https://openholidaysapi.org/PublicHolidays,aggregated_official_calendar,api,2026-06-19T20:09:42+00:00
04f86fc2-424a-46e5-befd-2dce33158470,public_holiday,Public,Epiphany,DE,Germany,2023-01-06,2023-01-06,1,false,Regional,FullDay,1,,,OpenHolidays API,https://openholidaysapi.org/PublicHolidays,aggregated_official_calendar,api,2026-06-19T20:09:42+00:00
9246ea6e-41c7-4875-a9f6-dd0ca12fa2f0,school_holiday,School,Semester Holidays,AT,Austria,2023-02-13,2023-02-18,6,false,Regional,FullDay,2,,,OpenHolidays API,https://openholidaysapi.org/SchoolHolidays,aggregated_official_calendar,api,2026-06-19T20:09:42+00:00
e2e36723-b732-400f-8b60-4572eccb09d6,school_holiday,School,Spring Holidays,DE,Germany,2023-02-20,2023-02-24,5,false,Regional,FullDay,1,,,OpenHolidays API,https://openholidaysapi.org/SchoolHolidays,aggregated_official_calendar,api,2026-06-19T20:09:42+00:00
271acad0-b991-4bc0-b637-a7bd608f1b91,school_holiday,School,Saint Joseph's Day,AT,Austria,2023-03-19,2023-03-19,1,false,Regional,FullDay,1,,,OpenHolidays API,https://openholidaysapi.org/SchoolHolidays,aggregated_official_calendar,api,2026-06-19T20:09:42+00:00
7063d406-2b4e-41c2-9c57-96cbf4e6433d,school_holiday,School,Easter Holidays,AT,Austria,2023-04-01,2023-04-10,10,true,National,FullDay,2,,,OpenHolidays API,https://openholidaysapi.org/SchoolHolidays,aggregated_official_calendar,api,2026-06-19T20:09:42+00:00
950780d4-2182-4804-8678-1ec83168aeac,school_holiday,School,Easter Holidays,DE,Germany,2023-04-03,2023-04-15,13,false,Regional,FullDay,1,,,OpenHolidays API,https://openholidaysapi.org/SchoolHolidays,aggregated_official_calendar,api,2026-06-19T20:09:42+00:00
b921a500-5e7e-42b6-9348-885f3157ed4c,public_holiday,Public,Good Friday,DE,Germany,2023-04-07,2023-04-07,1,true,Regional,FullDay,1,,,OpenHolidays API,https://openholidaysapi.org/PublicHolidays,aggregated_official_calendar,api,2026-06-19T20:09:42+00:00
d7ae58b2-52dc-49ee-a28b-d7e466373b46,public_holiday,Public,Easter Monday,AT,Austria,2023-04-10,2023-04-10,1,true,National,FullDay,2,,,OpenHolidays API,https://openholidaysapi.org/PublicHolidays,aggregated_official_calendar,api,2026-06-19T20:09:42+00:00
2cc013e7-7079-4c89-a559-27efca5c7b78,public_holiday,Public,Easter Monday,DE,Germany,2023-04-10,2023-04-10,1,true,Regional,FullDay,1,,,OpenHolidays API,https://openholidaysapi.org/PublicHolidays,aggregated_official_calendar,api,2026-06-19T20:09:42+00:00
4f311896-f8c4-4a51-8ae7-9c44cce3aebd,public_holiday,Public,Labour Day,AT,Austria,2023-05-01,2023-05-01,1,true,National,FullDay,2,,,OpenHolidays API,https://openholidaysapi.org/PublicHolidays,aggregated_official_calendar,api,2026-06-19T20:09:42+00:00
1e25e6a2-85fe-46dd-9fab-9388df4a445c,public_holiday,Public,Labour Day,DE,Germany,2023-05-01,2023-05-01,1,true,Regional,FullDay,1,,,OpenHolidays API,https://openholidaysapi.org/PublicHolidays,aggregated_official_calendar,api,2026-06-19T20:09:42+00:00
edfb9aa1-d3d4-4254-8193-fbb5a3b128fe,public_holiday,Public,Ascension Day,AT,Austria,2023-05-18,2023-05-18,1,true,National,FullDay,2,,,OpenHolidays API,https://openholidaysapi.org/PublicHolidays,aggregated_official_calendar,api,2026-06-19T20:09:42+00:00
c18498e4-d3a7-4e27-8ea3-18e396c2d785,public_holiday,Public,Ascension Day,DE,Germany,2023-05-18,2023-05-18,1,true,Regional,FullDay,1,,,OpenHolidays API,https://openholidaysapi.org/PublicHolidays,aggregated_official_calendar,api,2026-06-19T20:09:42+00:00
8d915572-6461-4119-813b-52e88f969b3e,school_holiday,School,Pentecost Holidays,AT,Austria,2023-05-27,2023-05-29,3,true,National,FullDay,2,,,OpenHolidays API,https://openholidaysapi.org/SchoolHolidays,aggregated_official_calendar,api,2026-06-19T20:09:42+00:00
75752dda-09d2-49b1-8a32-1f58d5a6ba98,public_holiday,Public,Pentecost Monday,AT,Austria,2023-05-29,2023-05-29,1,true,National,FullDay,2,,,OpenHolidays API,https://openholidaysapi.org/PublicHolidays,aggregated_official_calendar,api,2026-06-19T20:09:42+00:00
9730d923-2686-4d44-8fa5-b4c46a1937f8,public_holiday,Public,Pentecost Monday,DE,Germany,2023-05-29,2023-05-29,1,true,Regional,FullDay,1,,,OpenHolidays API,https://openholidaysapi.org/PublicHolidays,aggregated_official_calendar,api,2026-06-19T20:09:42+00:00
327e5368-24ff-442d-aeee-8c02cb968ebd,school_holiday,School,Pentecost Holidays,DE,Germany,2023-05-30,2023-06-09,11,false,Regional,FullDay,1,,,OpenHolidays API,https://openholidaysapi.org/SchoolHolidays,aggregated_official_calendar,api,2026-06-19T20:09:42+00:00
b8ab997a-3d53-4dd7-8ae9-70cfddd4a9b3,public_holiday,Public,Corpus Christi,AT,Austria,2023-06-08,2023-06-08,1,true,National,FullDay,2,,,OpenHolidays API,https://openholidaysapi.org/PublicHolidays,aggregated_official_calendar,api,2026-06-19T20:09:42+00:00
86ee67fc-a51f-4f7b-a0c6-f6e9e11eb0ed,public_holiday,Public,Corpus Christi,DE,Germany,2023-06-08,2023-06-08,1,false,Regional,FullDay,1,,,OpenHolidays API,https://openholidaysapi.org/PublicHolidays,aggregated_official_calendar,api,2026-06-19T20:09:42+00:00
21a4e257-7dab-4833-b308-0ec5069ac158,school_holiday,School,Summer Holidays,AT,Austria,2023-07-08,2023-09-10,65,false,Regional,FullDay,2,,,OpenHolidays API,https://openholidaysapi.org/SchoolHolidays,aggregated_official_calendar,api,2026-06-19T20:09:42+00:00
91a595fc-ff92-43e7-9bd8-f08e6da028fc,school_holiday,School,Summer Holidays,DE,Germany,2023-07-31,2023-09-11,43,false,Regional,FullDay,1,,,OpenHolidays API,https://openholidaysapi.org/SchoolHolidays,aggregated_official_calendar,api,2026-06-19T20:09:42+00:00
df81ac6e-9121-45a3-9f8f-140a10e6d8af,public_holiday,Public,Assumption Day,AT,Austria,2023-08-15,2023-08-15,1,true,National,FullDay,2,,,OpenHolidays API,https://openholidaysapi.org/PublicHolidays,aggregated_official_calendar,api,2026-06-19T20:09:42+00:00
07617cd9-9dcf-459b-b30d-ac612ae42cd9,public_holiday,Public,Assumption Day,DE,Germany,2023-08-15,2023-08-15,1,false,Regional,FullDay,1,,,OpenHolidays API,https://openholidaysapi.org/PublicHolidays,aggregated_official_calendar,api,2026-06-19T20:09:42+00:00
a4f66787-7be4-489f-ad15-dc2aef121a01,school_holiday,School,Saint Rupert's Day,AT,Austria,2023-09-24,2023-09-24,1,false,Regional,FullDay,1,,,OpenHolidays API,https://openholidaysapi.org/SchoolHolidays,aggregated_official_calendar,api,2026-06-19T20:09:42+00:00
f4f1fe82-cd70-4d33-b456-f78f9b77f064,public_holiday,Public,Day of German Unity,DE,Germany,2023-10-03,2023-10-03,1,true,National,FullDay,1,,,OpenHolidays API,https://openholidaysapi.org/PublicHolidays,aggregated_official_calendar,api,2026-06-19T20:09:42+00:00
d3f24660-4d65-4eed-aedb-8dc999a4689f,public_holiday,Public,National Day,AT,Austria,2023-10-26,2023-10-26,1,true,National,FullDay,2,,,OpenHolidays API,https://openholidaysapi.org/PublicHolidays,aggregated_official_calendar,api,2026-06-19T20:09:42+00:00
035d1365-758e-49af-b8df-e9e28192999b,school_holiday,School,Autumn Holidays,AT,Austria,2023-10-27,2023-10-31,5,true,National,FullDay,2,,,OpenHolidays API,https://openholidaysapi.org/SchoolHolidays,aggregated_official_calendar,api,2026-06-19T20:09:42+00:00
8c10cfa2-9af6-4ec5-bb00-c358fbf3b0f3,school_holiday,School,Autumn Holidays,DE,Germany,2023-10-30,2023-11-04,6,false,Regional,FullDay,1,,,OpenHolidays API,https://openholidaysapi.org/SchoolHolidays,aggregated_official_calendar,api,2026-06-19T20:09:42+00:00
bb943eee-7ee6-4db4-9068-9c25cde7df48,public_holiday,Public,All Saints' Day,AT,Austria,2023-11-01,2023-11-01,1,true,National,FullDay,2,,,OpenHolidays API,https://openholidaysapi.org/PublicHolidays,aggregated_official_calendar,api,2026-06-19T20:09:42+00:00
ed4084d4-897c-4c1c-9d11-837874a5122f,public_holiday,Public,All Saints' Day,DE,Germany,2023-11-01,2023-11-01,1,false,Regional,FullDay,1,,,OpenHolidays API,https://openholidaysapi.org/PublicHolidays,aggregated_official_calendar,api,2026-06-19T20:09:42+00:00
58d68a7c-1546-46fc-811a-65183fc6491d,school_holiday,School,All Souls' Day,AT,Austria,2023-11-02,2023-11-02,1,true,National,FullDay,2,,,OpenHolidays API,https://openholidaysapi.org/SchoolHolidays,aggregated_official_calendar,api,2026-06-19T20:09:42+00:00
fcfe3a89-c9d3-4879-988b-6471e4abb0ec,school_holiday,School,Repentance Day,DE,Germany,2023-11-22,2023-11-22,1,false,Regional,FullDay,1,,,OpenHolidays API,https://openholidaysapi.org/SchoolHolidays,aggregated_official_calendar,api,2026-06-19T20:09:42+00:00
0e060c5c-4452-4f5d-b5a1-9fc78fcf601e,public_holiday,Public,Immaculate Conception,AT,Austria,2023-12-08,2023-12-08,1,true,National,FullDay,2,,,OpenHolidays API,https://openholidaysapi.org/PublicHolidays,aggregated_official_calendar,api,2026-06-19T20:09:42+00:00
c0a6ae60-9107-4168-8ee1-2ce46fa24097,school_holiday,School,Christmas Holidays,AT,Austria,2023-12-23,2024-01-06,15,true,National,FullDay,2,,,OpenHolidays API,https://openholidaysapi.org/SchoolHolidays,aggregated_official_calendar,api,2026-06-19T20:09:42+00:00
b5fc4c46-d6db-434a-b65f-329d14491938,school_holiday,School,Christmas Holidays,DE,Germany,2023-12-23,2024-01-05,14,false,Regional,FullDay,1,,,OpenHolidays API,https://openholidaysapi.org/SchoolHolidays,aggregated_official_calendar,api,2026-06-19T20:09:42+00:00
25f24e1d-6b6e-4595-bca0-d71fb09e93aa,public_holiday,Public,Christmas Day,AT,Austria,2023-12-25,2023-12-25,1,true,National,FullDay,2,,,OpenHolidays API,https://openholidaysapi.org/PublicHolidays,aggregated_official_calendar,api,2026-06-19T20:09:42+00:00
eca484e0-f6a7-4ca4-9891-5def5648c97c,public_holiday,Public,Christmas Day,DE,Germany,2023-12-25,2023-12-25,1,true,Regional,FullDay,1,,,OpenHolidays API,https://openholidaysapi.org/PublicHolidays,aggregated_official_calendar,api,2026-06-19T20:09:42+00:00
343be03f-a32d-493d-8738-121c81d6a740,public_holiday,Public,St Stephen's Day,AT,Austria,2023-12-26,2023-12-26,1,true,National,FullDay,2,,,OpenHolidays API,https://openholidaysapi.org/PublicHolidays,aggregated_official_calendar,api,2026-06-19T20:09:42+00:00
f9e24f26-c4a9-44e7-bda8-3c56fa11eb55,public_holiday,Public,2nd Day of Christmas,DE,Germany,2023-12-26,2023-12-26,1,true,Regional,FullDay,1,,,OpenHolidays API,https://openholidaysapi.org/PublicHolidays,aggregated_official_calendar,api,2026-06-19T20:09:42+00:00
459b6476-390b-47d9-a7a3-b8ab6981c89c,public_holiday,Public,New Year's Day,AT,Austria,2024-01-01,2024-01-01,1,true,National,FullDay,2,,,OpenHolidays API,https://openholidaysapi.org/PublicHolidays,aggregated_official_calendar,api,2026-06-19T20:09:42+00:00
58a1da08-fb96-4d9b-8d95-b1e06278c8f3,public_holiday,Public,New Year's Day,DE,Germany,2024-01-01,2024-01-01,1,true,Regional,FullDay,1,,,OpenHolidays API,https://openholidaysapi.org/PublicHolidays,aggregated_official_calendar,api,2026-06-19T20:09:42+00:00
1fdcabcf-d0e5-4292-9c50-269212ae816f,public_holiday,Public,Epiphany,AT,Austria,2024-01-06,2024-01-06,1,true,National,FullDay,2,,,OpenHolidays API,https://openholidaysapi.org/PublicHolidays,aggregated_official_calendar,api,2026-06-19T20:09:42+00:00
ebf55361-f340-4852-a7fa-547143cf9cf2,public_holiday,Public,Epiphany,DE,Germany,2024-01-06,2024-01-06,1,false,Regional,FullDay,1,,,OpenHolidays API,https://openholidaysapi.org/PublicHolidays,aggregated_official_calendar,api,2026-06-19T20:09:42+00:00
330186d7-2213-4d2a-9f07-2b4c57dd5339,school_holiday,School,Semester Holidays,AT,Austria,2024-02-12,2024-02-17,6,false,Regional,FullDay,2,,,OpenHolidays API,https://openholidaysapi.org/SchoolHolidays,aggregated_official_calendar,api,2026-06-19T20:09:42+00:00
f4cbdd5b-1bf6-4530-8620-b8ddecbbb636,school_holiday,School,Spring Holidays,DE,Germany,2024-02-12,2024-02-16,5,false,Regional,FullDay,1,,,OpenHolidays API,https://openholidaysapi.org/SchoolHolidays,aggregated_official_calendar,api,2026-06-19T20:09:42+00:00
bb8e2e20-53a1-4b28-8b88-be32057d71bf,school_holiday,School,Saint Joseph's Day,AT,Austria,2024-03-19,2024-03-19,1,false,Regional,FullDay,1,,,OpenHolidays API,https://openholidaysapi.org/SchoolHolidays,aggregated_official_calendar,api,2026-06-19T20:09:42+00:00
cdd675eb-7a8c-4565-b8c1-01e82df25e42,school_holiday,School,Easter Holidays,AT,Austria,2024-03-23,2024-04-01,10,true,National,FullDay,2,,,OpenHolidays API,https://openholidaysapi.org/SchoolHolidays,aggregated_official_calendar,api,2026-06-19T20:09:42+00:00
807d237c-c6d4-4b9f-886f-8e0d805a0397,school_holiday,School,Easter Holidays,DE,Germany,2024-03-25,2024-04-06,13,false,Regional,FullDay,1,,,OpenHolidays API,https://openholidaysapi.org/SchoolHolidays,aggregated_official_calendar,api,2026-06-19T20:09:42+00:00
72299d8e-272c-44b6-8d50-86ff5cb01a9a,public_holiday,Public,Good Friday,DE,Germany,2024-03-29,2024-03-29,1,true,Regional,FullDay,1,,,OpenHolidays API,https://openholidaysapi.org/PublicHolidays,aggregated_official_calendar,api,2026-06-19T20:09:42+00:00
0af5ed5b-82b2-4dec-a9b1-ce7afb43ce70,public_holiday,Public,Easter Monday,AT,Austria,2024-04-01,2024-04-01,1,true,National,FullDay,2,,,OpenHolidays API,https://openholidaysapi.org/PublicHolidays,aggregated_official_calendar,api,2026-06-19T20:09:42+00:00
bd4e0c06-a2c5-4d2a-aa92-1fb7c59025e2,public_holiday,Public,Easter Monday,DE,Germany,2024-04-01,2024-04-01,1,true,Regional,FullDay,1,,,OpenHolidays API,https://openholidaysapi.org/PublicHolidays,aggregated_official_calendar,api,2026-06-19T20:09:42+00:00
0c4e6080-f370-48e8-b5bc-dd4e6c63afa8,public_holiday,Public,Labour Day,AT,Austria,2024-05-01,2024-05-01,1,true,National,FullDay,2,,,OpenHolidays API,https://openholidaysapi.org/PublicHolidays,aggregated_official_calendar,api,2026-06-19T20:09:42+00:00
d849751c-921e-4be1-8b30-117a610c126c,public_holiday,Public,Labour Day,DE,Germany,2024-05-01,2024-05-01,1,true,Regional,FullDay,1,,,OpenHolidays API,https://openholidaysapi.org/PublicHolidays,aggregated_official_calendar,api,2026-06-19T20:09:42+00:00
3bbc4bc2-bd41-4106-a53e-b0f94feb3250,public_holiday,Public,Ascension Day,AT,Austria,2024-05-09,2024-05-09,1,true,National,FullDay,2,,,OpenHolidays API,https://openholidaysapi.org/PublicHolidays,aggregated_official_calendar,api,2026-06-19T20:09:42+00:00
440aae4c-0d2b-45a4-9480-ae91b106c002,public_holiday,Public,Ascension Day,DE,Germany,2024-05-09,2024-05-09,1,true,Regional,FullDay,1,,,OpenHolidays API,https://openholidaysapi.org/PublicHolidays,aggregated_official_calendar,api,2026-06-19T20:09:42+00:00
c8b94578-3b53-4a86-8a8a-14843f73e798,school_holiday,School,Pentecost Holidays,AT,Austria,2024-05-18,2024-05-20,3,true,National,FullDay,2,,,OpenHolidays API,https://openholidaysapi.org/SchoolHolidays,aggregated_official_calendar,api,2026-06-19T20:09:42+00:00
24ec3138-a2ec-4a8c-ac5a-e9965335708f,public_holiday,Public,Pentecost Monday,AT,Austria,2024-05-20,2024-05-20,1,true,National,FullDay,2,,,OpenHolidays API,https://openholidaysapi.org/PublicHolidays,aggregated_official_calendar,api,2026-06-19T20:09:42+00:00
2407e8d2-b6bc-4d5f-b19a-52d4eba5e498,public_holiday,Public,Pentecost Monday,DE,Germany,2024-05-20,2024-05-20,1,true,Regional,FullDay,1,,,OpenHolidays API,https://openholidaysapi.org/PublicHolidays,aggregated_official_calendar,api,2026-06-19T20:09:42+00:00
f2bb829a-1425-4b89-9c9a-11c94d21c014,school_holiday,School,Pentecost Holidays,DE,Germany,2024-05-21,2024-06-01,12,false,Regional,FullDay,1,,,OpenHolidays API,https://openholidaysapi.org/SchoolHolidays,aggregated_official_calendar,api,2026-06-19T20:09:42+00:00
4686e78e-48ee-49c5-9ee8-9993ec090af8,public_holiday,Public,Corpus Christi,AT,Austria,2024-05-30,2024-05-30,1,true,National,FullDay,2,,,OpenHolidays API,https://openholidaysapi.org/PublicHolidays,aggregated_official_calendar,api,2026-06-19T20:09:42+00:00
3931407a-d2f7-4a89-966c-a94781f4a649,public_holiday,Public,Corpus Christi,DE,Germany,2024-05-30,2024-05-30,1,false,Regional,FullDay,1,,,OpenHolidays API,https://openholidaysapi.org/PublicHolidays,aggregated_official_calendar,api,2026-06-19T20:09:42+00:00
de6d9550-6819-4bb2-8b8e-9c0697572c82,school_holiday,School,Summer Holidays,AT,Austria,2024-07-06,2024-09-08,65,false,Regional,FullDay,2,,,OpenHolidays API,https://openholidaysapi.org/SchoolHolidays,aggregated_official_calendar,api,2026-06-19T20:09:42+00:00
871df250-0576-493c-aea4-e64ee4608bef,school_holiday,School,Summer Holidays,DE,Germany,2024-07-29,2024-09-09,43,false,Regional,FullDay,1,,,OpenHolidays API,https://openholidaysapi.org/SchoolHolidays,aggregated_official_calendar,api,2026-06-19T20:09:42+00:00
07b5eebb-086e-4a39-80e2-863998e3222a,public_holiday,Public,Assumption Day,AT,Austria,2024-08-15,2024-08-15,1,true,National,FullDay,2,,,OpenHolidays API,https://openholidaysapi.org/PublicHolidays,aggregated_official_calendar,api,2026-06-19T20:09:42+00:00
a0ce548d-6447-4802-948a-1c4897938626,public_holiday,Public,Assumption Day,DE,Germany,2024-08-15,2024-08-15,1,false,Regional,FullDay,1,,,OpenHolidays API,https://openholidaysapi.org/PublicHolidays,aggregated_official_calendar,api,2026-06-19T20:09:42+00:00
050dac48-126e-4473-929c-a169f6f35880,school_holiday,School,Saint Rupert's Day,AT,Austria,2024-09-24,2024-09-24,1,false,Regional,FullDay,1,,,OpenHolidays API,https://openholidaysapi.org/SchoolHolidays,aggregated_official_calendar,api,2026-06-19T20:09:42+00:00
a2454b44-b3d5-4681-a345-6eae46fb9f4b,public_holiday,Public,Day of German Unity,DE,Germany,2024-10-03,2024-10-03,1,true,National,FullDay,1,,,OpenHolidays API,https://openholidaysapi.org/PublicHolidays,aggregated_official_calendar,api,2026-06-19T20:09:42+00:00
2dab52d5-5616-48ec-951d-0487b327379c,public_holiday,Public,National Day,AT,Austria,2024-10-26,2024-10-26,1,true,National,FullDay,2,,,OpenHolidays API,https://openholidaysapi.org/PublicHolidays,aggregated_official_calendar,api,2026-06-19T20:09:42+00:00
06fdc420-9efa-4751-accd-bd13d8e40278,school_holiday,School,Autumn Holidays,AT,Austria,2024-10-28,2024-10-31,4,true,National,FullDay,2,,,OpenHolidays API,https://openholidaysapi.org/SchoolHolidays,aggregated_official_calendar,api,2026-06-19T20:09:42+00:00
64437d56-be06-4632-b8e8-fc8fdfc59e98,school_holiday,School,Autumn Holidays,DE,Germany,2024-10-28,2024-10-31,4,false,Regional,FullDay,1,,,OpenHolidays API,https://openholidaysapi.org/SchoolHolidays,aggregated_official_calendar,api,2026-06-19T20:09:42+00:00
d5911302-7987-429c-bfdc-7b35a9c220f2,public_holiday,Public,All Saints' Day,AT,Austria,2024-11-01,2024-11-01,1,true,National,FullDay,2,,,OpenHolidays API,https://openholidaysapi.org/PublicHolidays,aggregated_official_calendar,api,2026-06-19T20:09:42+00:00
5e49e26d-44a2-4751-a394-9b83c5ea47f8,public_holiday,Public,All Saints' Day,DE,Germany,2024-11-01,2024-11-01,1,false,Regional,FullDay,1,,,OpenHolidays API,https://openholidaysapi.org/PublicHolidays,aggregated_official_calendar,api,2026-06-19T20:09:42+00:00
5bccc3bb-07a9-48ee-81e5-14e356a5f131,school_holiday,School,All Souls' Day,AT,Austria,2024-11-02,2024-11-02,1,true,National,FullDay,2,,,OpenHolidays API,https://openholidaysapi.org/SchoolHolidays,aggregated_official_calendar,api,2026-06-19T20:09:42+00:00
23ed1774-4091-4ed2-92be-8ee1b452929d,school_holiday,School,Repentance Day,DE,Germany,2024-11-20,2024-11-20,1,false,Regional,FullDay,1,,,OpenHolidays API,https://openholidaysapi.org/SchoolHolidays,aggregated_official_calendar,api,2026-06-19T20:09:42+00:00
f201d2b8-94c8-4bdb-89b4-f771082a48e7,public_holiday,Public,Immaculate Conception,AT,Austria,2024-12-08,2024-12-08,1,true,National,FullDay,2,,,OpenHolidays API,https://openholidaysapi.org/PublicHolidays,aggregated_official_calendar,api,2026-06-19T20:09:42+00:00
e3d0a97e-de38-4e5a-bdf0-c8c1ba7a6119,school_holiday,School,Christmas Holidays,AT,Austria,2024-12-23,2025-01-06,15,true,National,FullDay,2,,,OpenHolidays API,https://openholidaysapi.org/SchoolHolidays,aggregated_official_calendar,api,2026-06-19T20:09:42+00:00
f3b90493-d141-4aab-ac30-37084db988c3,school_holiday,School,Christmas Holidays,DE,Germany,2024-12-23,2025-01-03,12,false,Regional,FullDay,1,,,OpenHolidays API,https://openholidaysapi.org/SchoolHolidays,aggregated_official_calendar,api,2026-06-19T20:09:42+00:00
16643be7-3aba-43db-a97c-51b90ab399c6,public_holiday,Public,Christmas Day,AT,Austria,2024-12-25,2024-12-25,1,true,National,FullDay,2,,,OpenHolidays API,https://openholidaysapi.org/PublicHolidays,aggregated_official_calendar,api,2026-06-19T20:09:42+00:00
332d7a5e-c693-4d2d-bdf5-957dd4409c91,public_holiday,Public,Christmas Day,DE,Germany,2024-12-25,2024-12-25,1,true,Regional,FullDay,1,,,OpenHolidays API,https://openholidaysapi.org/PublicHolidays,aggregated_official_calendar,api,2026-06-19T20:09:42+00:00
0ff5182c-0823-4ddf-a0cd-866316059862,public_holiday,Public,St Stephen's Day,AT,Austria,2024-12-26,2024-12-26,1,true,National,FullDay,2,,,OpenHolidays API,https://openholidaysapi.org/PublicHolidays,aggregated_official_calendar,api,2026-06-19T20:09:42+00:00
717b466d-05f3-4810-915b-96625ca2aebf,public_holiday,Public,2nd Day of Christmas,DE,Germany,2024-12-26,2024-12-26,1,true,Regional,FullDay,1,,,OpenHolidays API,https://openholidaysapi.org/PublicHolidays,aggregated_official_calendar,api,2026-06-19T20:09:42+00:00
cef22e93-5c4c-4642-a747-977488669701,public_holiday,Public,New Year's Day,AT,Austria,2025-01-01,2025-01-01,1,true,National,FullDay,2,,,OpenHolidays API,https://openholidaysapi.org/PublicHolidays,aggregated_official_calendar,api,2026-06-19T20:09:42+00:00
27f0d8cd-76b2-47e7-89ac-a3a9f6a6b1ba,public_holiday,Public,New Year's Day,DE,Germany,2025-01-01,2025-01-01,1,true,Regional,FullDay,1,,,OpenHolidays API,https://openholidaysapi.org/PublicHolidays,aggregated_official_calendar,api,2026-06-19T20:09:42+00:00
00ecd3bc-36e1-41fa-a63f-87bd77205857,public_holiday,Public,Epiphany,AT,Austria,2025-01-06,2025-01-06,1,true,National,FullDay,2,,,OpenHolidays API,https://openholidaysapi.org/PublicHolidays,aggregated_official_calendar,api,2026-06-19T20:09:42+00:00
1c80b87d-8221-4dc2-9a1a-3b0f57dce9f5,public_holiday,Public,Epiphany,DE,Germany,2025-01-06,2025-01-06,1,false,Regional,FullDay,1,,,OpenHolidays API,https://openholidaysapi.org/PublicHolidays,aggregated_official_calendar,api,2026-06-19T20:09:42+00:00
9346b0f5-74b0-489b-b719-fba6d87738df,school_holiday,School,Semester Holidays,AT,Austria,2025-02-10,2025-02-15,6,false,Regional,FullDay,2,,,OpenHolidays API,https://openholidaysapi.org/SchoolHolidays,aggregated_official_calendar,api,2026-06-19T20:09:42+00:00
5257b2de-813a-406f-9b8e-cd56586050f2,school_holiday,School,Spring Holidays,DE,Germany,2025-03-03,2025-03-07,5,false,Regional,FullDay,1,,,OpenHolidays API,https://openholidaysapi.org/SchoolHolidays,aggregated_official_calendar,api,2026-06-19T20:09:42+00:00
c795ba34-9346-4d77-956d-2bc4d36e4f15,school_holiday,School,Saint Joseph's Day,AT,Austria,2025-03-19,2025-03-19,1,false,Regional,FullDay,1,,,OpenHolidays API,https://openholidaysapi.org/SchoolHolidays,aggregated_official_calendar,api,2026-06-19T20:09:42+00:00
d97aa6f6-df49-45cd-9d3e-c030946169ce,school_holiday,School,Easter Holidays,AT,Austria,2025-04-12,2025-04-21,10,true,National,FullDay,2,,,OpenHolidays API,https://openholidaysapi.org/SchoolHolidays,aggregated_official_calendar,api,2026-06-19T20:09:42+00:00
03cc22f2-1730-4ea4-b2dc-90d8d0f41e62,school_holiday,School,Easter Holidays,DE,Germany,2025-04-14,2025-04-25,12,false,Regional,FullDay,1,,,OpenHolidays API,https://openholidaysapi.org/SchoolHolidays,aggregated_official_calendar,api,2026-06-19T20:09:42+00:00
c7aef0d5-f292-4d08-b878-a25a6c05fc12,public_holiday,Public,Good Friday,DE,Germany,2025-04-18,2025-04-18,1,true,Regional,FullDay,1,,,OpenHolidays API,https://openholidaysapi.org/PublicHolidays,aggregated_official_calendar,api,2026-06-19T20:09:42+00:00
bd8dc862-9256-4024-a23e-0420acb32436,public_holiday,Public,Easter Monday,AT,Austria,2025-04-21,2025-04-21,1,true,National,FullDay,2,,,OpenHolidays API,https://openholidaysapi.org/PublicHolidays,aggregated_official_calendar,api,2026-06-19T20:09:42+00:00
12776265-e638-4112-a11f-f24bb37d8a3d,public_holiday,Public,Easter Monday,DE,Germany,2025-04-21,2025-04-21,1,true,Regional,FullDay,1,,,OpenHolidays API,https://openholidaysapi.org/PublicHolidays,aggregated_official_calendar,api,2026-06-19T20:09:42+00:00
9f0c8a7c-8a0f-4c6e-b0dc-69c8b1bde915,public_holiday,Public,Labour Day,AT,Austria,2025-05-01,2025-05-01,1,true,National,FullDay,2,,,OpenHolidays API,https://openholidaysapi.org/PublicHolidays,aggregated_official_calendar,api,2026-06-19T20:09:42+00:00
5db64014-1aaf-46f0-be83-d8baa826cfef,public_holiday,Public,Labour Day,DE,Germany,2025-05-01,2025-05-01,1,true,Regional,FullDay,1,,,OpenHolidays API,https://openholidaysapi.org/PublicHolidays,aggregated_official_calendar,api,2026-06-19T20:09:42+00:00
78a625ae-df4a-4603-a05b-4368c1c2484e,public_holiday,Public,Ascension Day,AT,Austria,2025-05-29,2025-05-29,1,true,National,FullDay,2,,,OpenHolidays API,https://openholidaysapi.org/PublicHolidays,aggregated_official_calendar,api,2026-06-19T20:09:42+00:00
9fbbb949-8b22-4916-a16c-0a799a2dd79f,public_holiday,Public,Ascension Day,DE,Germany,2025-05-29,2025-05-29,1,true,Regional,FullDay,1,,,OpenHolidays API,https://openholidaysapi.org/PublicHolidays,aggregated_official_calendar,api,2026-06-19T20:09:42+00:00
c0f9c1d2-3e2a-485c-9d3f-7a0cfe1f9b2c,school_holiday,School,no school,AT,Austria,2025-05-30,2025-05-30,1,false,Regional,FullDay,1,,,OpenHolidays API,https://openholidaysapi.org/SchoolHolidays,aggregated_official_calendar,api,2026-06-19T20:09:42+00:00
7ac56699-10ec-47d3-8e9c-995da7730fd8,school_holiday,School,Pentecost Holidays,AT,Austria,2025-06-07,2025-06-09,3,true,National,FullDay,2,,,OpenHolidays API,https://openholidaysapi.org/SchoolHolidays,aggregated_official_calendar,api,2026-06-19T20:09:42+00:00
1989b6e5-0894-4be7-a4e0-a682cc63d638,public_holiday,Public,Pentecost Monday,AT,Austria,2025-06-09,2025-06-09,1,true,National,FullDay,2,,,OpenHolidays API,https://openholidaysapi.org/PublicHolidays,aggregated_official_calendar,api,2026-06-19T20:09:42+00:00
b52574c0-0e5d-44ff-ac6b-4e3c6d71f1d7,public_holiday,Public,Pentecost Monday,DE,Germany,2025-06-09,2025-06-09,1,true,Regional,FullDay,1,,,OpenHolidays API,https://openholidaysapi.org/PublicHolidays,aggregated_official_calendar,api,2026-06-19T20:09:42+00:00
dcda193e-7508-48e5-9da7-670a36cb3b0c,school_holiday,School,Pentecost Holidays,DE,Germany,2025-06-10,2025-06-20,11,false,Regional,FullDay,1,,,OpenHolidays API,https://openholidaysapi.org/SchoolHolidays,aggregated_official_calendar,api,2026-06-19T20:09:42+00:00
596ab61d-6ce7-42a0-9b7f-437e7dcdcbcc,public_holiday,Public,Corpus Christi,AT,Austria,2025-06-19,2025-06-19,1,true,National,FullDay,2,,,OpenHolidays API,https://openholidaysapi.org/PublicHolidays,aggregated_official_calendar,api,2026-06-19T20:09:42+00:00
2590b1ad-4268-4cac-a11a-5192791d0c0d,public_holiday,Public,Corpus Christi,DE,Germany,2025-06-19,2025-06-19,1,false,Regional,FullDay,1,,,OpenHolidays API,https://openholidaysapi.org/PublicHolidays,aggregated_official_calendar,api,2026-06-19T20:09:42+00:00
c0f9c1d2-2e2a-485c-9f48-d33b99cd1eb5,school_holiday,School,no school,AT,Austria,2025-06-20,2025-06-20,1,false,Regional,FullDay,1,,,OpenHolidays API,https://openholidaysapi.org/SchoolHolidays,aggregated_official_calendar,api,2026-06-19T20:09:42+00:00
cffb89a7-768c-456e-86fe-ec0590435fad,school_holiday,School,Summer Holidays,AT,Austria,2025-07-05,2025-09-07,65,false,Regional,FullDay,2,,,OpenHolidays API,https://openholidaysapi.org/SchoolHolidays,aggregated_official_calendar,api,2026-06-19T20:09:42+00:00
bc2bd00a-e716-46c3-8a27-2538c777d9bd,school_holiday,School,Summer Holidays,DE,Germany,2025-08-01,2025-09-15,46,false,Regional,FullDay,1,,,OpenHolidays API,https://openholidaysapi.org/SchoolHolidays,aggregated_official_calendar,api,2026-06-19T20:09:42+00:00
b2e2683d-2965-482a-8a62-83f72d4bcd0f,public_holiday,Public,Assumption Day,AT,Austria,2025-08-15,2025-08-15,1,true,National,FullDay,2,,,OpenHolidays API,https://openholidaysapi.org/PublicHolidays,aggregated_official_calendar,api,2026-06-19T20:09:42+00:00
e09a9106-86e9-4eeb-9c84-5d257b4f9488,public_holiday,Public,Assumption Day,DE,Germany,2025-08-15,2025-08-15,1,false,Regional,FullDay,1,,,OpenHolidays API,https://openholidaysapi.org/PublicHolidays,aggregated_official_calendar,api,2026-06-19T20:09:42+00:00
3db5772e-a9e6-42f2-9cf2-99e4c5ef1c79,school_holiday,School,Saint Rupert's Day,AT,Austria,2025-09-24,2025-09-24,1,false,Regional,FullDay,1,,,OpenHolidays API,https://openholidaysapi.org/SchoolHolidays,aggregated_official_calendar,api,2026-06-19T20:09:42+00:00
ac964e18-2d34-497a-a9c5-b8ab065b7238,public_holiday,Public,Day of German Unity,DE,Germany,2025-10-03,2025-10-03,1,true,National,FullDay,1,,,OpenHolidays API,https://openholidaysapi.org/PublicHolidays,aggregated_official_calendar,api,2026-06-19T20:09:42+00:00
15309af7-875d-4487-bbf0-39c0aaba45af,public_holiday,Public,National Day,AT,Austria,2025-10-26,2025-10-26,1,true,National,FullDay,2,,,OpenHolidays API,https://openholidaysapi.org/PublicHolidays,aggregated_official_calendar,api,2026-06-19T20:09:42+00:00
76f3fc33-8afa-4e97-9f48-df0a109bcf8e,school_holiday,School,Autumn Holidays,AT,Austria,2025-10-27,2025-10-31,5,true,National,FullDay,2,,,OpenHolidays API,https://openholidaysapi.org/SchoolHolidays,aggregated_official_calendar,api,2026-06-19T20:09:42+00:00
13545866-19b2-4a20-8e8a-b4281bf66426,public_holiday,Public,All Saints' Day,AT,Austria,2025-11-01,2025-11-01,1,true,National,FullDay,2,,,OpenHolidays API,https://openholidaysapi.org/PublicHolidays,aggregated_official_calendar,api,2026-06-19T20:09:42+00:00
0e5ed383-7890-4f12-b041-65a79aedeb5f,public_holiday,Public,All Saints' Day,DE,Germany,2025-11-01,2025-11-01,1,false,Regional,FullDay,1,,,OpenHolidays API,https://openholidaysapi.org/PublicHolidays,aggregated_official_calendar,api,2026-06-19T20:09:42+00:00
e82945db-0512-4d8b-8da6-e9321f77fd67,school_holiday,School,All Souls' Day,AT,Austria,2025-11-02,2025-11-02,1,true,National,FullDay,2,,,OpenHolidays API,https://openholidaysapi.org/SchoolHolidays,aggregated_official_calendar,api,2026-06-19T20:09:42+00:00
867bf086-bdaa-4642-8fcf-4fd07f45ac08,school_holiday,School,Autumn Holidays,DE,Germany,2025-11-03,2025-11-07,5,false,Regional,FullDay,1,,,OpenHolidays API,https://openholidaysapi.org/SchoolHolidays,aggregated_official_calendar,api,2026-06-19T20:09:42+00:00
cb244bdc-ddc5-48b0-a6a4-675b57facc0e,school_holiday,School,Repentance Day,DE,Germany,2025-11-19,2025-11-19,1,false,Regional,FullDay,1,,,OpenHolidays API,https://openholidaysapi.org/SchoolHolidays,aggregated_official_calendar,api,2026-06-19T20:09:42+00:00
8453792b-0a4a-4b34-ba8d-4e0d0f870473,public_holiday,Public,Immaculate Conception,AT,Austria,2025-12-08,2025-12-08,1,true,National,FullDay,2,,,OpenHolidays API,https://openholidaysapi.org/PublicHolidays,aggregated_official_calendar,api,2026-06-19T20:09:42+00:00
fae75443-4eb3-4720-9ba2-3dcca3553820,school_holiday,School,Christmas Holidays,DE,Germany,2025-12-22,2026-01-05,15,false,Regional,FullDay,1,,,OpenHolidays API,https://openholidaysapi.org/SchoolHolidays,aggregated_official_calendar,api,2026-06-19T20:09:42+00:00
7a034d2c-9044-44d6-956f-d9f6575480d0,school_holiday,School,Christmas Holidays,AT,Austria,2025-12-24,2026-01-06,14,true,National,FullDay,2,,,OpenHolidays API,https://openholidaysapi.org/SchoolHolidays,aggregated_official_calendar,api,2026-06-19T20:09:42+00:00
2ad705aa-662e-4c5c-8652-5632aa3e3a73,public_holiday,Public,Christmas Day,AT,Austria,2025-12-25,2025-12-25,1,true,National,FullDay,2,,,OpenHolidays API,https://openholidaysapi.org/PublicHolidays,aggregated_official_calendar,api,2026-06-19T20:09:42+00:00
92b270e3-247f-4f82-b79d-b5ad77a67d95,public_holiday,Public,Christmas Day,DE,Germany,2025-12-25,2025-12-25,1,true,Regional,FullDay,1,,,OpenHolidays API,https://openholidaysapi.org/PublicHolidays,aggregated_official_calendar,api,2026-06-19T20:09:42+00:00
c3759a9f-3547-46d7-a816-cf105b579d5b,public_holiday,Public,St Stephen's Day,AT,Austria,2025-12-26,2025-12-26,1,true,National,FullDay,2,,,OpenHolidays API,https://openholidaysapi.org/PublicHolidays,aggregated_official_calendar,api,2026-06-19T20:09:42+00:00
28bf580c-9787-4d67-ab3e-06a5e6597c1c,public_holiday,Public,2nd Day of Christmas,DE,Germany,2025-12-26,2025-12-26,1,true,Regional,FullDay,1,,,OpenHolidays API,https://openholidaysapi.org/PublicHolidays,aggregated_official_calendar,api,2026-06-19T20:09:42+00:00
efbb30b0-dc2b-4811-be55-55f735ef327a,public_holiday,Public,New Year's Day,AT,Austria,2026-01-01,2026-01-01,1,true,National,FullDay,2,,,OpenHolidays API,https://openholidaysapi.org/PublicHolidays,aggregated_official_calendar,api,2026-06-19T20:09:42+00:00
9ac6fd8b-aec4-41f0-916b-f03af58ecdab,public_holiday,Public,New Year's Day,DE,Germany,2026-01-01,2026-01-01,1,true,Regional,FullDay,1,,,OpenHolidays API,https://openholidaysapi.org/PublicHolidays,aggregated_official_calendar,api,2026-06-19T20:09:42+00:00
ff1fffac-8032-49a7-b832-4027b2355a81,public_holiday,Public,Epiphany,AT,Austria,2026-01-06,2026-01-06,1,true,National,FullDay,2,,,OpenHolidays API,https://openholidaysapi.org/PublicHolidays,aggregated_official_calendar,api,2026-06-19T20:09:42+00:00
7f99caaa-1eb2-4564-a6e8-13844634c929,public_holiday,Public,Epiphany,DE,Germany,2026-01-06,2026-01-06,1,false,Regional,FullDay,1,,,OpenHolidays API,https://openholidaysapi.org/PublicHolidays,aggregated_official_calendar,api,2026-06-19T20:09:42+00:00
ae990287-bde4-47be-9860-0f601e7adf45,school_holiday,School,Semester Holidays,AT,Austria,2026-02-09,2026-02-14,6,false,Regional,FullDay,2,,,OpenHolidays API,https://openholidaysapi.org/SchoolHolidays,aggregated_official_calendar,api,2026-06-19T20:09:42+00:00
0cde7e09-1d34-43b3-95df-69cc27471f62,school_holiday,School,Spring Holidays,DE,Germany,2026-02-16,2026-02-20,5,false,Regional,FullDay,1,,,OpenHolidays API,https://openholidaysapi.org/SchoolHolidays,aggregated_official_calendar,api,2026-06-19T20:09:42+00:00
794a3f9c-b596-48d1-8833-e4bb6361cee4,school_holiday,School,Saint Joseph's Day,AT,Austria,2026-03-19,2026-03-19,1,false,Regional,FullDay,1,,,OpenHolidays API,https://openholidaysapi.org/SchoolHolidays,aggregated_official_calendar,api,2026-06-19T20:09:42+00:00
fd7ada74-ef0e-4713-b8d3-3227d1372061,school_holiday,School,Easter Holidays,AT,Austria,2026-03-28,2026-04-06,10,true,National,FullDay,2,,,OpenHolidays API,https://openholidaysapi.org/SchoolHolidays,aggregated_official_calendar,api,2026-06-19T20:09:42+00:00
4000e69a-d391-412c-b0df-72dc3b72f12d,school_holiday,School,Easter Holidays,DE,Germany,2026-03-30,2026-04-10,12,false,Regional,FullDay,1,,,OpenHolidays API,https://openholidaysapi.org/SchoolHolidays,aggregated_official_calendar,api,2026-06-19T20:09:42+00:00
f80fd9dc-41b4-4203-8fea-2cf36d365fbb,public_holiday,Public,Good Friday,DE,Germany,2026-04-03,2026-04-03,1,true,Regional,FullDay,1,,,OpenHolidays API,https://openholidaysapi.org/PublicHolidays,aggregated_official_calendar,api,2026-06-19T20:09:42+00:00
7da0e458-e6cd-4ec1-841b-a4a3eab0156a,public_holiday,Public,Easter Monday,AT,Austria,2026-04-06,2026-04-06,1,true,National,FullDay,2,,,OpenHolidays API,https://openholidaysapi.org/PublicHolidays,aggregated_official_calendar,api,2026-06-19T20:09:42+00:00
8d8ad831-8d60-429f-ad46-7f842c9fe2d9,public_holiday,Public,Easter Monday,DE,Germany,2026-04-06,2026-04-06,1,true,Regional,FullDay,1,,,OpenHolidays API,https://openholidaysapi.org/PublicHolidays,aggregated_official_calendar,api,2026-06-19T20:09:42+00:00
c46e6270-bac3-440d-a9e6-6084fdfec89e,public_holiday,Public,Labour Day,AT,Austria,2026-05-01,2026-05-01,1,true,National,FullDay,2,,,OpenHolidays API,https://openholidaysapi.org/PublicHolidays,aggregated_official_calendar,api,2026-06-19T20:09:42+00:00
6f661249-94cb-4a54-a063-20dde86ebde6,public_holiday,Public,Labour Day,DE,Germany,2026-05-01,2026-05-01,1,true,Regional,FullDay,1,,,OpenHolidays API,https://openholidaysapi.org/PublicHolidays,aggregated_official_calendar,api,2026-06-19T20:09:42+00:00
dde92072-c4dc-4f81-8ed2-080f008a80ec,public_holiday,Public,Ascension Day,AT,Austria,2026-05-14,2026-05-14,1,true,National,FullDay,2,,,OpenHolidays API,https://openholidaysapi.org/PublicHolidays,aggregated_official_calendar,api,2026-06-19T20:09:42+00:00
0905ed2a-46a7-4731-87e2-a8c53c42b0e2,public_holiday,Public,Ascension Day,DE,Germany,2026-05-14,2026-05-14,1,true,Regional,FullDay,1,,,OpenHolidays API,https://openholidaysapi.org/PublicHolidays,aggregated_official_calendar,api,2026-06-19T20:09:42+00:00
65ce3d86-9eda-49d1-bef1-4c7816c1dc38,school_holiday,School,Pentecost Holidays,AT,Austria,2026-05-23,2026-05-25,3,true,National,FullDay,2,,,OpenHolidays API,https://openholidaysapi.org/SchoolHolidays,aggregated_official_calendar,api,2026-06-19T20:09:42+00:00
64af6bc9-4b84-4dd5-9b34-71ffefd8fc1c,public_holiday,Public,Pentecost Monday,AT,Austria,2026-05-25,2026-05-25,1,true,National,FullDay,2,,,OpenHolidays API,https://openholidaysapi.org/PublicHolidays,aggregated_official_calendar,api,2026-06-19T20:09:42+00:00
ce6dcd62-b512-4075-be98-73ffc3dee4db,public_holiday,Public,Pentecost Monday,DE,Germany,2026-05-25,2026-05-25,1,true,Regional,FullDay,1,,,OpenHolidays API,https://openholidaysapi.org/PublicHolidays,aggregated_official_calendar,api,2026-06-19T20:09:42+00:00
1e06a1e6-bf8a-414c-aa04-8da95b84fb02,school_holiday,School,Pentecost Holidays,DE,Germany,2026-05-26,2026-06-05,11,false,Regional,FullDay,1,,,OpenHolidays API,https://openholidaysapi.org/SchoolHolidays,aggregated_official_calendar,api,2026-06-19T20:09:42+00:00
8cf41544-6f99-4aa3-8cda-46f7482d787f,public_holiday,Public,Corpus Christi,AT,Austria,2026-06-04,2026-06-04,1,true,National,FullDay,2,,,OpenHolidays API,https://openholidaysapi.org/PublicHolidays,aggregated_official_calendar,api,2026-06-19T20:09:42+00:00
4030dfd3-7e29-4334-b637-42a9097be309,public_holiday,Public,Corpus Christi,DE,Germany,2026-06-04,2026-06-04,1,false,Regional,FullDay,1,,,OpenHolidays API,https://openholidaysapi.org/PublicHolidays,aggregated_official_calendar,api,2026-06-19T20:09:42+00:00
4414a62a-ea15-44ab-8105-1bb0db49187d,school_holiday,School,Summer Holidays,AT,Austria,2026-07-11,2026-09-13,65,false,Regional,FullDay,2,,,OpenHolidays API,https://openholidaysapi.org/SchoolHolidays,aggregated_official_calendar,api,2026-06-19T20:09:42+00:00
7451c518-92c2-4d26-9381-6d5745865a54,school_holiday,School,Summer Holidays,DE,Germany,2026-08-03,2026-09-14,43,false,Regional,FullDay,1,,,OpenHolidays API,https://openholidaysapi.org/SchoolHolidays,aggregated_official_calendar,api,2026-06-19T20:09:42+00:00
56d36bde-6797-44b6-8ae5-bc88976a777d,public_holiday,Public,Assumption Day,AT,Austria,2026-08-15,2026-08-15,1,true,National,FullDay,2,,,OpenHolidays API,https://openholidaysapi.org/PublicHolidays,aggregated_official_calendar,api,2026-06-19T20:09:42+00:00
31eed1b5-9a4f-4e22-8e6d-2687d42dfed7,public_holiday,Public,Assumption Day,DE,Germany,2026-08-15,2026-08-15,1,false,Regional,FullDay,1,,,OpenHolidays API,https://openholidaysapi.org/PublicHolidays,aggregated_official_calendar,api,2026-06-19T20:09:42+00:00
555eaa64-b8f6-44ce-850b-6af0d75555e9,public_holiday,Public,Day of German Unity,DE,Germany,2026-10-03,2026-10-03,1,true,National,FullDay,1,,,OpenHolidays API,https://openholidaysapi.org/PublicHolidays,aggregated_official_calendar,api,2026-06-19T20:09:42+00:00
51bc60e0-0af3-4472-8914-b91e523f2fde,public_holiday,Public,National Day,AT,Austria,2026-10-26,2026-10-26,1,true,National,FullDay,2,,,OpenHolidays API,https://openholidaysapi.org/PublicHolidays,aggregated_official_calendar,api,2026-06-19T20:09:42+00:00
e4a58f13-ebe2-4b16-b09d-8c2cb5c487b7,school_holiday,School,Autumn Holidays,AT,Austria,2026-10-27,2026-10-31,5,true,National,FullDay,2,,,OpenHolidays API,https://openholidaysapi.org/SchoolHolidays,aggregated_official_calendar,api,2026-06-19T20:09:42+00:00
7ac1b0bc-b055-4ab2-8475-bb7372df3209,public_holiday,Public,All Saints' Day,AT,Austria,2026-11-01,2026-11-01,1,true,National,FullDay,2,,,OpenHolidays API,https://openholidaysapi.org/PublicHolidays,aggregated_official_calendar,api,2026-06-19T20:09:42+00:00
c359d742-f458-4962-8bf1-44e5d504f6d0,public_holiday,Public,All Saints' Day,DE,Germany,2026-11-01,2026-11-01,1,false,Regional,FullDay,1,,,OpenHolidays API,https://openholidaysapi.org/PublicHolidays,aggregated_official_calendar,api,2026-06-19T20:09:42+00:00
36ab14ad-27be-45f6-9f5e-ec47a76b04f6,school_holiday,School,All Souls' Day,AT,Austria,2026-11-02,2026-11-02,1,true,National,FullDay,2,,,OpenHolidays API,https://openholidaysapi.org/SchoolHolidays,aggregated_official_calendar,api,2026-06-19T20:09:42+00:00
b5045dcf-6618-41e7-b649-c3d6d135a611,school_holiday,School,Autumn Holidays,DE,Germany,2026-11-02,2026-11-06,5,false,Regional,FullDay,1,,,OpenHolidays API,https://openholidaysapi.org/SchoolHolidays,aggregated_official_calendar,api,2026-06-19T20:09:42+00:00
76149977-58f0-455c-b74a-89937a90c200,school_holiday,School,Repentance Day,DE,Germany,2026-11-18,2026-11-18,1,false,Regional,FullDay,1,,,OpenHolidays API,https://openholidaysapi.org/SchoolHolidays,aggregated_official_calendar,api,2026-06-19T20:09:42+00:00
013361c4-75d8-44e8-87d6-557aa7cd789f,public_holiday,Public,Immaculate Conception,AT,Austria,2026-12-08,2026-12-08,1,true,National,FullDay,2,,,OpenHolidays API,https://openholidaysapi.org/PublicHolidays,aggregated_official_calendar,api,2026-06-19T20:09:42+00:00
38c3ddb0-251c-499e-b75a-aaeee7658080,school_holiday,School,Christmas Holidays,AT,Austria,2026-12-24,2027-01-06,14,true,National,FullDay,2,,,OpenHolidays API,https://openholidaysapi.org/SchoolHolidays,aggregated_official_calendar,api,2026-06-19T20:09:42+00:00
c38a3f7c-04e7-4acf-ae55-1063a077bf9b,school_holiday,School,Christmas Holidays,DE,Germany,2026-12-24,2027-01-08,16,false,Regional,FullDay,1,,,OpenHolidays API,https://openholidaysapi.org/SchoolHolidays,aggregated_official_calendar,api,2026-06-19T20:09:42+00:00
c2d59f2d-d1bf-42b5-bb2b-6fb9ed915025,public_holiday,Public,Christmas Day,AT,Austria,2026-12-25,2026-12-25,1,true,National,FullDay,2,,,OpenHolidays API,https://openholidaysapi.org/PublicHolidays,aggregated_official_calendar,api,2026-06-19T20:09:42+00:00
b37c8536-925e-455c-9e61-8e2b984a74d1,public_holiday,Public,Christmas Day,DE,Germany,2026-12-25,2026-12-25,1,true,Regional,FullDay,1,,,OpenHolidays API,https://openholidaysapi.org/PublicHolidays,aggregated_official_calendar,api,2026-06-19T20:09:42+00:00
f4d2c08f-98f5-42fc-b538-1197f90d2291,public_holiday,Public,St Stephen's Day,AT,Austria,2026-12-26,2026-12-26,1,true,National,FullDay,2,,,OpenHolidays API,https://openholidaysapi.org/PublicHolidays,aggregated_official_calendar,api,2026-06-19T20:09:42+00:00
fafc28cf-c8fc-4290-97b0-99904f920d4f,public_holiday,Public,2nd Day of Christmas,DE,Germany,2026-12-26,2026-12-26,1,true,Regional,FullDay,1,,,OpenHolidays API,https://openholidaysapi.org/PublicHolidays,aggregated_official_calendar,api,2026-06-19T20:09:42+00:00
a8827fbc-587a-48b6-8fc9-25a1c9cf2f25,public_holiday,Public,New Year's Day,AT,Austria,2027-01-01,2027-01-01,1,true,National,FullDay,2,,,OpenHolidays API,https://openholidaysapi.org/PublicHolidays,aggregated_official_calendar,api,2026-06-19T20:09:42+00:00
a9951b88-fbfa-4634-8b80-39c60abb2a0c,public_holiday,Public,New Year's Day,DE,Germany,2027-01-01,2027-01-01,1,true,Regional,FullDay,1,,,OpenHolidays API,https://openholidaysapi.org/PublicHolidays,aggregated_official_calendar,api,2026-06-19T20:09:42+00:00
886497b4-fac6-4ba5-a125-5dc21722866c,public_holiday,Public,Epiphany,AT,Austria,2027-01-06,2027-01-06,1,true,National,FullDay,2,,,OpenHolidays API,https://openholidaysapi.org/PublicHolidays,aggregated_official_calendar,api,2026-06-19T20:09:42+00:00
341c9738-8063-4e1b-99d3-336174cf42de,public_holiday,Public,Epiphany,DE,Germany,2027-01-06,2027-01-06,1,false,Regional,FullDay,1,,,OpenHolidays API,https://openholidaysapi.org/PublicHolidays,aggregated_official_calendar,api,2026-06-19T20:09:42+00:00
fea5a95a-86f3-4fda-a997-167e905a412f,school_holiday,School,Semester Holidays,AT,Austria,2027-02-08,2027-02-13,6,false,Regional,FullDay,2,Provisional,,OpenHolidays API,https://openholidaysapi.org/SchoolHolidays,aggregated_official_calendar,api,2026-06-19T20:09:42+00:00
37821c22-3fa7-46f9-9cb2-9b7812ae859a,school_holiday,School,Spring Holidays,DE,Germany,2027-02-08,2027-02-12,5,false,Regional,FullDay,1,,,OpenHolidays API,https://openholidaysapi.org/SchoolHolidays,aggregated_official_calendar,api,2026-06-19T20:09:42+00:00
cfc36b9c-a13e-42fd-a848-ccd940b54c97,school_holiday,School,Saint Joseph's Day,AT,Austria,2027-03-19,2027-03-19,1,false,Regional,FullDay,1,,,OpenHolidays API,https://openholidaysapi.org/SchoolHolidays,aggregated_official_calendar,api,2026-06-19T20:09:42+00:00
1362d499-5a0d-415b-a139-7d7b1949b408,school_holiday,School,Easter Holidays,AT,Austria,2027-03-20,2027-03-29,10,true,National,FullDay,2,,,OpenHolidays API,https://openholidaysapi.org/SchoolHolidays,aggregated_official_calendar,api,2026-06-19T20:09:42+00:00
843e9ad1-beac-4553-ae45-32f9f41a007e,school_holiday,School,Easter Holidays,DE,Germany,2027-03-22,2027-04-02,12,false,Regional,FullDay,1,,,OpenHolidays API,https://openholidaysapi.org/SchoolHolidays,aggregated_official_calendar,api,2026-06-19T20:09:42+00:00
f5967e35-9fbb-4cd9-ae3d-622f6cf90028,public_holiday,Public,Good Friday,DE,Germany,2027-03-26,2027-03-26,1,true,Regional,FullDay,1,,,OpenHolidays API,https://openholidaysapi.org/PublicHolidays,aggregated_official_calendar,api,2026-06-19T20:09:42+00:00
24aeeb53-cf6c-4dff-a037-a9e1b8e1dd17,public_holiday,Public,Easter Monday,AT,Austria,2027-03-29,2027-03-29,1,true,National,FullDay,2,,,OpenHolidays API,https://openholidaysapi.org/PublicHolidays,aggregated_official_calendar,api,2026-06-19T20:09:42+00:00
fcd0558e-3e01-4902-b785-d8bd45baba24,public_holiday,Public,Easter Monday,DE,Germany,2027-03-29,2027-03-29,1,true,Regional,FullDay,1,,,OpenHolidays API,https://openholidaysapi.org/PublicHolidays,aggregated_official_calendar,api,2026-06-19T20:09:42+00:00
36b1b0be-724d-48d6-859a-38a172d6d2d4,public_holiday,Public,Labour Day,AT,Austria,2027-05-01,2027-05-01,1,true,National,FullDay,2,,,OpenHolidays API,https://openholidaysapi.org/PublicHolidays,aggregated_official_calendar,api,2026-06-19T20:09:42+00:00
5dce4648-d6e6-400a-936e-b85edbf85622,public_holiday,Public,Labour Day,DE,Germany,2027-05-01,2027-05-01,1,true,Regional,FullDay,1,,,OpenHolidays API,https://openholidaysapi.org/PublicHolidays,aggregated_official_calendar,api,2026-06-19T20:09:42+00:00
ac4284ad-3206-48cb-8210-3cabf0066c80,public_holiday,Public,Ascension Day,AT,Austria,2027-05-06,2027-05-06,1,true,National,FullDay,2,,,OpenHolidays API,https://openholidaysapi.org/PublicHolidays,aggregated_official_calendar,api,2026-06-19T20:09:42+00:00
889b46cc-0934-44a1-9468-d88f880acc94,public_holiday,Public,Ascension Day,DE,Germany,2027-05-06,2027-05-06,1,true,Regional,FullDay,1,,,OpenHolidays API,https://openholidaysapi.org/PublicHolidays,aggregated_official_calendar,api,2026-06-19T20:09:42+00:00
8cfd7234-afa1-4569-93e0-0069a03b1bc0,school_holiday,School,Pentecost Holidays,AT,Austria,2027-05-15,2027-05-17,3,true,National,FullDay,2,,,OpenHolidays API,https://openholidaysapi.org/SchoolHolidays,aggregated_official_calendar,api,2026-06-19T20:09:42+00:00
7330c90c-2d91-4890-bdd8-9e629123a078,public_holiday,Public,Pentecost Monday,AT,Austria,2027-05-17,2027-05-17,1,true,National,FullDay,2,,,OpenHolidays API,https://openholidaysapi.org/PublicHolidays,aggregated_official_calendar,api,2026-06-19T20:09:42+00:00
689daf70-cc0e-44d6-a501-8a17d4a551dc,public_holiday,Public,Pentecost Monday,DE,Germany,2027-05-17,2027-05-17,1,true,Regional,FullDay,1,,,OpenHolidays API,https://openholidaysapi.org/PublicHolidays,aggregated_official_calendar,api,2026-06-19T20:09:42+00:00
1e397cac-c9a1-427b-b60d-89be682c8ab4,school_holiday,School,Pentecost Holidays,DE,Germany,2027-05-18,2027-05-28,11,false,Regional,FullDay,1,,,OpenHolidays API,https://openholidaysapi.org/SchoolHolidays,aggregated_official_calendar,api,2026-06-19T20:09:42+00:00
fffe381b-c3e8-49a7-8f4e-7e82f66e4542,public_holiday,Public,Corpus Christi,AT,Austria,2027-05-27,2027-05-27,1,true,National,FullDay,2,,,OpenHolidays API,https://openholidaysapi.org/PublicHolidays,aggregated_official_calendar,api,2026-06-19T20:09:42+00:00
c1b5e914-3c7d-426d-90b4-1d8a889b02a2,public_holiday,Public,Corpus Christi,DE,Germany,2027-05-27,2027-05-27,1,false,Regional,FullDay,1,,,OpenHolidays API,https://openholidaysapi.org/PublicHolidays,aggregated_official_calendar,api,2026-06-19T20:09:42+00:00
0dfd134f-4394-4ba0-af7a-5c658b9599aa,school_holiday,School,Summer Holidays,AT,Austria,2027-07-10,2027-09-12,65,false,Regional,FullDay,2,Provisional,,OpenHolidays API,https://openholidaysapi.org/SchoolHolidays,aggregated_official_calendar,api,2026-06-19T20:09:42+00:00
f89e2b94-62aa-4a95-98be-972bc1144988,school_holiday,School,Summer Holidays,DE,Germany,2027-08-02,2027-09-13,43,false,Regional,FullDay,1,,,OpenHolidays API,https://openholidaysapi.org/SchoolHolidays,aggregated_official_calendar,api,2026-06-19T20:09:42+00:00
bbcfd76e-2f2a-4242-a8e9-45dc605f560c,public_holiday,Public,Assumption Day,AT,Austria,2027-08-15,2027-08-15,1,true,National,FullDay,2,,,OpenHolidays API,https://openholidaysapi.org/PublicHolidays,aggregated_official_calendar,api,2026-06-19T20:09:42+00:00
5773654b-86ef-458c-8ae1-1e59aba3123b,public_holiday,Public,Assumption Day,DE,Germany,2027-08-15,2027-08-15,1,false,Regional,FullDay,1,,,OpenHolidays API,https://openholidaysapi.org/PublicHolidays,aggregated_official_calendar,api,2026-06-19T20:09:42+00:00
e9435852-aca8-4498-9cfe-700674ae403e,school_holiday,School,Saint Rupert's Day,AT,Austria,2027-09-24,2027-09-24,1,false,Regional,FullDay,1,,,OpenHolidays API,https://openholidaysapi.org/SchoolHolidays,aggregated_official_calendar,api,2026-06-19T20:09:42+00:00
3e88b5c4-993a-4bd1-9f9a-149545598bc6,public_holiday,Public,Day of German Unity,DE,Germany,2027-10-03,2027-10-03,1,true,National,FullDay,1,,,OpenHolidays API,https://openholidaysapi.org/PublicHolidays,aggregated_official_calendar,api,2026-06-19T20:09:42+00:00
4a4acee4-50a5-4922-88ed-96b061dcadbe,public_holiday,Public,National Day,AT,Austria,2027-10-26,2027-10-26,1,true,National,FullDay,2,,,OpenHolidays API,https://openholidaysapi.org/PublicHolidays,aggregated_official_calendar,api,2026-06-19T20:09:42+00:00
e01b8cae-db57-4a67-9d80-d578589ab6a2,school_holiday,School,Autumn Holidays,AT,Austria,2027-10-27,2027-10-31,5,true,National,FullDay,2,,,OpenHolidays API,https://openholidaysapi.org/SchoolHolidays,aggregated_official_calendar,api,2026-06-19T20:09:42+00:00
4ec3e240-f7ee-45ac-a5d0-72150dce4f0d,public_holiday,Public,All Saints' Day,AT,Austria,2027-11-01,2027-11-01,1,true,National,FullDay,2,,,OpenHolidays API,https://openholidaysapi.org/PublicHolidays,aggregated_official_calendar,api,2026-06-19T20:09:42+00:00
506df8ed-e54d-4af6-9939-e8dca991c153,public_holiday,Public,All Saints' Day,DE,Germany,2027-11-01,2027-11-01,1,false,Regional,FullDay,1,,,OpenHolidays API,https://openholidaysapi.org/PublicHolidays,aggregated_official_calendar,api,2026-06-19T20:09:42+00:00
42d63b0f-b1b5-468f-b142-c496a14a106f,school_holiday,School,All Souls' Day,AT,Austria,2027-11-02,2027-11-02,1,true,National,FullDay,2,,,OpenHolidays API,https://openholidaysapi.org/SchoolHolidays,aggregated_official_calendar,api,2026-06-19T20:09:42+00:00
b64a2f1e-2886-4510-9c14-0d5ba6fa91b5,school_holiday,School,Autumn Holidays,DE,Germany,2027-11-02,2027-11-05,4,false,Regional,FullDay,1,,,OpenHolidays API,https://openholidaysapi.org/SchoolHolidays,aggregated_official_calendar,api,2026-06-19T20:09:42+00:00
99499e30-3ed5-4f69-a7cb-139b7c3fbc66,school_holiday,School,Repentance Day,DE,Germany,2027-11-17,2027-11-17,1,false,Regional,FullDay,1,,,OpenHolidays API,https://openholidaysapi.org/SchoolHolidays,aggregated_official_calendar,api,2026-06-19T20:09:42+00:00
99c0bb93-f225-4820-80b0-db7987075a11,public_holiday,Public,Immaculate Conception,AT,Austria,2027-12-08,2027-12-08,1,true,National,FullDay,2,,,OpenHolidays API,https://openholidaysapi.org/PublicHolidays,aggregated_official_calendar,api,2026-06-19T20:09:42+00:00
4203faf1-4379-4194-a1e5-ac52506b3bc8,school_holiday,School,Christmas Holidays,AT,Austria,2027-12-24,2028-01-06,14,true,National,FullDay,2,,,OpenHolidays API,https://openholidaysapi.org/SchoolHolidays,aggregated_official_calendar,api,2026-06-19T20:09:42+00:00
8cf3dcbe-51c1-4125-a453-3e57e767f277,school_holiday,School,Christmas Holidays,DE,Germany,2027-12-24,2028-01-07,15,false,Regional,FullDay,1,,,OpenHolidays API,https://openholidaysapi.org/SchoolHolidays,aggregated_official_calendar,api,2026-06-19T20:09:42+00:00
8ceee611-65b7-44c5-b845-a53a6186c452,public_holiday,Public,Christmas Day,AT,Austria,2027-12-25,2027-12-25,1,true,National,FullDay,2,,,OpenHolidays API,https://openholidaysapi.org/PublicHolidays,aggregated_official_calendar,api,2026-06-19T20:09:42+00:00
ba7542be-fca8-427b-ac2d-797470860c62,public_holiday,Public,Christmas Day,DE,Germany,2027-12-25,2027-12-25,1,true,Regional,FullDay,1,,,OpenHolidays API,https://openholidaysapi.org/PublicHolidays,aggregated_official_calendar,api,2026-06-19T20:09:42+00:00
4a0be396-7658-4848-bc48-fcd4eac80f1b,public_holiday,Public,St Stephen's Day,AT,Austria,2027-12-26,2027-12-26,1,true,National,FullDay,2,,,OpenHolidays API,https://openholidaysapi.org/PublicHolidays,aggregated_official_calendar,api,2026-06-19T20:09:42+00:00
ee8fc25d-db77-48d9-a74f-6374d74642fa,public_holiday,Public,2nd Day of Christmas,DE,Germany,2027-12-26,2027-12-26,1,true,Regional,FullDay,1,,,OpenHolidays API,https://openholidaysapi.org/PublicHolidays,aggregated_official_calendar,api,2026-06-19T20:09:42+00:00
59758ad8-eb61-4599-bbc4-917b5c4bc2b5,public_holiday,Public,New Year's Day,AT,Austria,2028-01-01,2028-01-01,1,true,National,FullDay,2,,,OpenHolidays API,https://openholidaysapi.org/PublicHolidays,aggregated_official_calendar,api,2026-06-19T20:09:42+00:00
286433c6-b1ce-4835-b16a-95f6dbf28e11,public_holiday,Public,New Year's Day,DE,Germany,2028-01-01,2028-01-01,1,true,Regional,FullDay,1,,,OpenHolidays API,https://openholidaysapi.org/PublicHolidays,aggregated_official_calendar,api,2026-06-19T20:09:42+00:00
ae3701d5-fb44-48c6-ad43-af11f6d7f28c,public_holiday,Public,Epiphany,AT,Austria,2028-01-06,2028-01-06,1,true,National,FullDay,2,,,OpenHolidays API,https://openholidaysapi.org/PublicHolidays,aggregated_official_calendar,api,2026-06-19T20:09:42+00:00
b2eccb85-9d35-4f63-95aa-5d1d9954799e,public_holiday,Public,Epiphany,DE,Germany,2028-01-06,2028-01-06,1,false,Regional,FullDay,1,,,OpenHolidays API,https://openholidaysapi.org/PublicHolidays,aggregated_official_calendar,api,2026-06-19T20:09:42+00:00
0edc227e-ce96-4132-bc2b-2b9c6542d2eb,school_holiday,School,Semester Holidays,AT,Austria,2028-02-14,2028-02-19,6,false,Regional,FullDay,2,Provisional,,OpenHolidays API,https://openholidaysapi.org/SchoolHolidays,aggregated_official_calendar,api,2026-06-19T20:09:42+00:00
9696a58f-963a-4172-92ee-f17967130a4e,school_holiday,School,Spring Holidays,DE,Germany,2028-02-28,2028-03-03,5,false,Regional,FullDay,1,,,OpenHolidays API,https://openholidaysapi.org/SchoolHolidays,aggregated_official_calendar,api,2026-06-19T20:09:42+00:00
4119dc41-945d-494e-a389-e78d5d79b44d,school_holiday,School,Easter Holidays,AT,Austria,2028-04-08,2028-04-17,10,true,National,FullDay,2,,,OpenHolidays API,https://openholidaysapi.org/SchoolHolidays,aggregated_official_calendar,api,2026-06-19T20:09:42+00:00
b3bd9115-a0ab-4ab5-a7e9-7f720278187c,school_holiday,School,Easter Holidays,DE,Germany,2028-04-10,2028-04-21,12,false,Regional,FullDay,1,,,OpenHolidays API,https://openholidaysapi.org/SchoolHolidays,aggregated_official_calendar,api,2026-06-19T20:09:42+00:00
692e2b19-92e1-4186-a9e1-971602ddda85,public_holiday,Public,Good Friday,DE,Germany,2028-04-14,2028-04-14,1,true,Regional,FullDay,1,,,OpenHolidays API,https://openholidaysapi.org/PublicHolidays,aggregated_official_calendar,api,2026-06-19T20:09:42+00:00
cdf42f63-7d62-49bb-a9c7-87d66e5fb778,public_holiday,Public,Easter Monday,AT,Austria,2028-04-17,2028-04-17,1,true,National,FullDay,2,,,OpenHolidays API,https://openholidaysapi.org/PublicHolidays,aggregated_official_calendar,api,2026-06-19T20:09:42+00:00
b13ef7b6-b755-4be1-9b46-f267462513c0,public_holiday,Public,Easter Monday,DE,Germany,2028-04-17,2028-04-17,1,true,Regional,FullDay,1,,,OpenHolidays API,https://openholidaysapi.org/PublicHolidays,aggregated_official_calendar,api,2026-06-19T20:09:42+00:00
d755232c-843f-44e0-8cfd-959fe1bb2452,public_holiday,Public,Labour Day,AT,Austria,2028-05-01,2028-05-01,1,true,National,FullDay,2,,,OpenHolidays API,https://openholidaysapi.org/PublicHolidays,aggregated_official_calendar,api,2026-06-19T20:09:42+00:00
e153c1b9-ef86-4f43-a454-60ea0138ef1e,public_holiday,Public,Labour Day,DE,Germany,2028-05-01,2028-05-01,1,true,Regional,FullDay,1,,,OpenHolidays API,https://openholidaysapi.org/PublicHolidays,aggregated_official_calendar,api,2026-06-19T20:09:42+00:00
85fc8798-0593-4c13-a393-49cac7297359,public_holiday,Public,Ascension Day,AT,Austria,2028-05-25,2028-05-25,1,true,National,FullDay,2,,,OpenHolidays API,https://openholidaysapi.org/PublicHolidays,aggregated_official_calendar,api,2026-06-19T20:09:42+00:00
ed0edf81-d59d-4406-9681-372e81b69abc,public_holiday,Public,Ascension Day,DE,Germany,2028-05-25,2028-05-25,1,true,Regional,FullDay,1,,,OpenHolidays API,https://openholidaysapi.org/PublicHolidays,aggregated_official_calendar,api,2026-06-19T20:09:42+00:00
b8b7752b-7754-4db6-991e-a5207fa6c84b,school_holiday,School,Pentecost Holidays,AT,Austria,2028-06-03,2028-06-05,3,true,National,FullDay,2,,,OpenHolidays API,https://openholidaysapi.org/SchoolHolidays,aggregated_official_calendar,api,2026-06-19T20:09:42+00:00
5b3c2676-b05d-4284-9897-6d55a47fc270,public_holiday,Public,Pentecost Monday,AT,Austria,2028-06-05,2028-06-05,1,true,National,FullDay,2,,,OpenHolidays API,https://openholidaysapi.org/PublicHolidays,aggregated_official_calendar,api,2026-06-19T20:09:42+00:00
71df5df7-5477-4374-abc4-2afddcc1632a,public_holiday,Public,Pentecost Monday,DE,Germany,2028-06-05,2028-06-05,1,true,Regional,FullDay,1,,,OpenHolidays API,https://openholidaysapi.org/PublicHolidays,aggregated_official_calendar,api,2026-06-19T20:09:42+00:00
d23c43ee-1edf-4a1c-8007-d56b25ef8f65,school_holiday,School,Pentecost Holidays,DE,Germany,2028-06-06,2028-06-16,11,false,Regional,FullDay,1,,,OpenHolidays API,https://openholidaysapi.org/SchoolHolidays,aggregated_official_calendar,api,2026-06-19T20:09:42+00:00
5301b9e6-d3e3-400d-912a-e3922e50fc34,public_holiday,Public,Corpus Christi,AT,Austria,2028-06-15,2028-06-15,1,true,National,FullDay,2,,,OpenHolidays API,https://openholidaysapi.org/PublicHolidays,aggregated_official_calendar,api,2026-06-19T20:09:42+00:00
d2b970b8-57ef-4f06-a8bd-b6f6b3009688,public_holiday,Public,Corpus Christi,DE,Germany,2028-06-15,2028-06-15,1,false,Regional,FullDay,1,,,OpenHolidays API,https://openholidaysapi.org/PublicHolidays,aggregated_official_calendar,api,2026-06-19T20:09:42+00:00
3cba7208-3dbe-4d3e-8732-e15aa249cab4,school_holiday,School,Summer Holidays,AT,Austria,2028-07-08,2028-09-10,65,false,Regional,FullDay,2,Provisional,,OpenHolidays API,https://openholidaysapi.org/SchoolHolidays,aggregated_official_calendar,api,2026-06-19T20:09:42+00:00
73ad9a8a-8063-4dd7-b548-008bf03c8a7b,school_holiday,School,Summer Holidays,DE,Germany,2028-07-31,2028-09-11,43,false,Regional,FullDay,1,,,OpenHolidays API,https://openholidaysapi.org/SchoolHolidays,aggregated_official_calendar,api,2026-06-19T20:09:42+00:00
ec561351-67c1-4c7e-a8fe-1e9754f37ae6,public_holiday,Public,Assumption Day,AT,Austria,2028-08-15,2028-08-15,1,true,National,FullDay,2,,,OpenHolidays API,https://openholidaysapi.org/PublicHolidays,aggregated_official_calendar,api,2026-06-19T20:09:42+00:00
a31e1f51-5d92-4a9f-a2e8-d2112c813be8,public_holiday,Public,Assumption Day,DE,Germany,2028-08-15,2028-08-15,1,false,Regional,FullDay,1,,,OpenHolidays API,https://openholidaysapi.org/PublicHolidays,aggregated_official_calendar,api,2026-06-19T20:09:42+00:00
cf5a847c-58de-48f7-bceb-1c9298a46a1f,school_holiday,School,Saint Rupert's Day,AT,Austria,2028-09-24,2028-09-24,1,false,Regional,FullDay,1,,,OpenHolidays API,https://openholidaysapi.org/SchoolHolidays,aggregated_official_calendar,api,2026-06-19T20:09:42+00:00
0bab590b-6c97-4feb-bb8e-fde4ccf45d5f,public_holiday,Public,Day of German Unity,DE,Germany,2028-10-03,2028-10-03,1,true,National,FullDay,1,,,OpenHolidays API,https://openholidaysapi.org/PublicHolidays,aggregated_official_calendar,api,2026-06-19T20:09:42+00:00
a66d2f14-7e4b-4c4f-94e7-ed19892cd849,public_holiday,Public,National Day,AT,Austria,2028-10-26,2028-10-26,1,true,National,FullDay,2,,,OpenHolidays API,https://openholidaysapi.org/PublicHolidays,aggregated_official_calendar,api,2026-06-19T20:09:42+00:00
ef59d4e7-c275-43c6-9654-7ffbf1482a19,school_holiday,School,Autumn Holidays,AT,Austria,2028-10-27,2028-10-31,5,true,National,FullDay,2,,,OpenHolidays API,https://openholidaysapi.org/SchoolHolidays,aggregated_official_calendar,api,2026-06-19T20:09:42+00:00
4a305ebe-3c17-4a56-8dfd-e8a8ed1a9bf7,school_holiday,School,Autumn Holidays,DE,Germany,2028-10-30,2028-11-03,5,false,Regional,FullDay,1,,,OpenHolidays API,https://openholidaysapi.org/SchoolHolidays,aggregated_official_calendar,api,2026-06-19T20:09:42+00:00
539a9088-16f5-4e41-b6b1-56030cf542c1,public_holiday,Public,All Saints' Day,AT,Austria,2028-11-01,2028-11-01,1,true,National,FullDay,2,,,OpenHolidays API,https://openholidaysapi.org/PublicHolidays,aggregated_official_calendar,api,2026-06-19T20:09:42+00:00
b7bc09ad-b1c9-4cb8-a4f3-28e0e75ea260,public_holiday,Public,All Saints' Day,DE,Germany,2028-11-01,2028-11-01,1,false,Regional,FullDay,1,,,OpenHolidays API,https://openholidaysapi.org/PublicHolidays,aggregated_official_calendar,api,2026-06-19T20:09:42+00:00
d7ee5342-67fb-46aa-84fe-81bc2a1a6069,school_holiday,School,All Souls' Day,AT,Austria,2028-11-02,2028-11-02,1,true,National,FullDay,2,,,OpenHolidays API,https://openholidaysapi.org/SchoolHolidays,aggregated_official_calendar,api,2026-06-19T20:09:42+00:00
794ad275-b88e-46b1-9b16-eb9c3e1b4ee0,school_holiday,School,Repentance Day,DE,Germany,2028-11-22,2028-11-22,1,false,Regional,FullDay,1,,,OpenHolidays API,https://openholidaysapi.org/SchoolHolidays,aggregated_official_calendar,api,2026-06-19T20:09:42+00:00
6f02f473-7fcf-48ab-9376-a269786f0cb4,public_holiday,Public,Immaculate Conception,AT,Austria,2028-12-08,2028-12-08,1,true,National,FullDay,2,,,OpenHolidays API,https://openholidaysapi.org/PublicHolidays,aggregated_official_calendar,api,2026-06-19T20:09:42+00:00
b58b70b6-8121-4b75-b9d5-aeb71b417a96,school_holiday,School,Christmas Holidays,DE,Germany,2028-12-23,2029-01-05,14,false,Regional,FullDay,1,,,OpenHolidays API,https://openholidaysapi.org/SchoolHolidays,aggregated_official_calendar,api,2026-06-19T20:09:42+00:00
501a386e-8d7f-4a8e-bcb6-703feae11478,school_holiday,School,Christmas Holidays,AT,Austria,2028-12-24,2029-01-06,14,true,National,FullDay,2,,,OpenHolidays API,https://openholidaysapi.org/SchoolHolidays,aggregated_official_calendar,api,2026-06-19T20:09:42+00:00
dd9e297f-57c5-4fb6-8d39-4b4a5c576a6d,public_holiday,Public,Christmas Day,AT,Austria,2028-12-25,2028-12-25,1,true,National,FullDay,2,,,OpenHolidays API,https://openholidaysapi.org/PublicHolidays,aggregated_official_calendar,api,2026-06-19T20:09:42+00:00
c11af431-b691-4717-af80-4a3cf954f112,public_holiday,Public,Christmas Day,DE,Germany,2028-12-25,2028-12-25,1,true,Regional,FullDay,1,,,OpenHolidays API,https://openholidaysapi.org/PublicHolidays,aggregated_official_calendar,api,2026-06-19T20:09:42+00:00
02a3f49f-40d7-4317-a9d0-8de51e1ca344,public_holiday,Public,St Stephen's Day,AT,Austria,2028-12-26,2028-12-26,1,true,National,FullDay,2,,,OpenHolidays API,https://openholidaysapi.org/PublicHolidays,aggregated_official_calendar,api,2026-06-19T20:09:42+00:00
b03399a3-02cb-444c-a662-bdd176bf5263,public_holiday,Public,2nd Day of Christmas,DE,Germany,2028-12-26,2028-12-26,1,true,Regional,FullDay,1,,,OpenHolidays API,https://openholidaysapi.org/PublicHolidays,aggregated_official_calendar,api,2026-06-19T20:09:42+00:00
8b5980ef-1895-4007-8963-6cf6d80eedb6,public_holiday,Public,New Year's Day,AT,Austria,2029-01-01,2029-01-01,1,true,National,FullDay,2,,,OpenHolidays API,https://openholidaysapi.org/PublicHolidays,aggregated_official_calendar,api,2026-06-19T20:09:42+00:00
3c6f86a6-f9b3-4f02-9605-53218e0c3866,public_holiday,Public,New Year's Day,DE,Germany,2029-01-01,2029-01-01,1,true,Regional,FullDay,1,,,OpenHolidays API,https://openholidaysapi.org/PublicHolidays,aggregated_official_calendar,api,2026-06-19T20:09:42+00:00
dba076d1-2bfb-43b3-8f3f-ccfe90ea2116,public_holiday,Public,Epiphany,AT,Austria,2029-01-06,2029-01-06,1,true,National,FullDay,2,,,OpenHolidays API,https://openholidaysapi.org/PublicHolidays,aggregated_official_calendar,api,2026-06-19T20:09:42+00:00
afc11563-3154-4742-bba6-1088139097ac,public_holiday,Public,Epiphany,DE,Germany,2029-01-06,2029-01-06,1,false,Regional,FullDay,1,,,OpenHolidays API,https://openholidaysapi.org/PublicHolidays,aggregated_official_calendar,api,2026-06-19T20:09:42+00:00
76784cef-c8e6-5886-a19b-ad576cc76d57,school_holiday,School,Semester Holidays,AT,Austria,2029-02-12,2029-02-17,6,false,Regional,FullDay,2,,,Austrian statutory school-calendar rules,https://ris.bka.gv.at/NormDokument.wxe?Abfrage=Bundesnormen&Gesetzesnummer=10009575&Paragraf=2,calculated_from_current_law,statutory_calculation,2026-06-19T20:09:42+00:00
e2c21d97-651d-4034-83f5-30e6e63dc2cc,school_holiday,School,Spring Holidays,DE,Germany,2029-02-12,2029-02-16,5,false,Regional,FullDay,1,,,OpenHolidays API,https://openholidaysapi.org/SchoolHolidays,aggregated_official_calendar,api,2026-06-19T20:09:42+00:00
edcc5aab-d856-5838-955d-83d71c83f496,school_holiday,School,Saint Joseph's Day,AT,Austria,2029-03-19,2029-03-19,1,false,Regional,FullDay,1,,,Austrian statutory school-calendar rules,https://ris.bka.gv.at/NormDokument.wxe?Abfrage=Bundesnormen&Gesetzesnummer=10009575&Paragraf=2,calculated_from_current_law,statutory_calculation,2026-06-19T20:09:42+00:00
93a806ac-c569-5b9a-998d-5ba6309e8434,school_holiday,School,Easter Holidays,AT,Austria,2029-03-24,2029-04-02,10,false,Regional,FullDay,2,,,Austrian statutory school-calendar rules,https://ris.bka.gv.at/NormDokument.wxe?Abfrage=Bundesnormen&Gesetzesnummer=10009575&Paragraf=2,calculated_from_current_law,statutory_calculation,2026-06-19T20:09:42+00:00
e1192188-b981-432a-bf2e-84e9b8da732c,school_holiday,School,Easter Holidays,DE,Germany,2029-03-26,2029-04-06,12,false,Regional,FullDay,1,,,OpenHolidays API,https://openholidaysapi.org/SchoolHolidays,aggregated_official_calendar,api,2026-06-19T20:09:42+00:00
26cfeec9-abbd-4816-a274-14be2014fbfb,public_holiday,Public,Good Friday,DE,Germany,2029-03-30,2029-03-30,1,true,Regional,FullDay,1,,,OpenHolidays API,https://openholidaysapi.org/PublicHolidays,aggregated_official_calendar,api,2026-06-19T20:09:42+00:00
1f2cebbf-3bd0-4b8d-9758-78540a0b9a9b,public_holiday,Public,Easter Monday,AT,Austria,2029-04-02,2029-04-02,1,true,National,FullDay,2,,,OpenHolidays API,https://openholidaysapi.org/PublicHolidays,aggregated_official_calendar,api,2026-06-19T20:09:42+00:00
a4beb782-43c9-4824-9354-74d19e57ad27,public_holiday,Public,Easter Monday,DE,Germany,2029-04-02,2029-04-02,1,true,Regional,FullDay,1,,,OpenHolidays API,https://openholidaysapi.org/PublicHolidays,aggregated_official_calendar,api,2026-06-19T20:09:42+00:00
e3a97a87-3785-486c-8753-9f3db71e6c86,public_holiday,Public,Labour Day,AT,Austria,2029-05-01,2029-05-01,1,true,National,FullDay,2,,,OpenHolidays API,https://openholidaysapi.org/PublicHolidays,aggregated_official_calendar,api,2026-06-19T20:09:42+00:00
69460f57-36c7-48b7-b8fc-ec8a75fcd797,public_holiday,Public,Labour Day,DE,Germany,2029-05-01,2029-05-01,1,true,Regional,FullDay,1,,,OpenHolidays API,https://openholidaysapi.org/PublicHolidays,aggregated_official_calendar,api,2026-06-19T20:09:42+00:00
e5b913cf-ae23-47d1-8ca5-db0b4aa37281,public_holiday,Public,Ascension Day,AT,Austria,2029-05-10,2029-05-10,1,true,National,FullDay,2,,,OpenHolidays API,https://openholidaysapi.org/PublicHolidays,aggregated_official_calendar,api,2026-06-19T20:09:42+00:00
be2453a2-c4da-43c6-b404-1fa0a02d3bb1,public_holiday,Public,Ascension Day,DE,Germany,2029-05-10,2029-05-10,1,true,Regional,FullDay,1,,,OpenHolidays API,https://openholidaysapi.org/PublicHolidays,aggregated_official_calendar,api,2026-06-19T20:09:42+00:00
2d5112a5-1212-5bc4-b68f-e4b096c952af,school_holiday,School,Pentecost Holidays,AT,Austria,2029-05-19,2029-05-21,3,false,Regional,FullDay,2,,,Austrian statutory school-calendar rules,https://ris.bka.gv.at/NormDokument.wxe?Abfrage=Bundesnormen&Gesetzesnummer=10009575&Paragraf=2,calculated_from_current_law,statutory_calculation,2026-06-19T20:09:42+00:00
350cdf4e-e7f5-4316-9bd6-2fce21df16d0,public_holiday,Public,Pentecost Monday,AT,Austria,2029-05-21,2029-05-21,1,true,National,FullDay,2,,,OpenHolidays API,https://openholidaysapi.org/PublicHolidays,aggregated_official_calendar,api,2026-06-19T20:09:42+00:00
ede6bf3d-94a9-485a-b565-a46d5c91fbe4,public_holiday,Public,Pentecost Monday,DE,Germany,2029-05-21,2029-05-21,1,true,Regional,FullDay,1,,,OpenHolidays API,https://openholidaysapi.org/PublicHolidays,aggregated_official_calendar,api,2026-06-19T20:09:42+00:00
c645442b-3982-4e33-8b25-3805d3146ce3,school_holiday,School,Pentecost Holidays,DE,Germany,2029-05-22,2029-06-01,11,false,Regional,FullDay,1,,,OpenHolidays API,https://openholidaysapi.org/SchoolHolidays,aggregated_official_calendar,api,2026-06-19T20:09:42+00:00
341d5ea1-af6d-4d77-8748-a8d65cedf73a,public_holiday,Public,Corpus Christi,AT,Austria,2029-05-31,2029-05-31,1,true,National,FullDay,2,,,OpenHolidays API,https://openholidaysapi.org/PublicHolidays,aggregated_official_calendar,api,2026-06-19T20:09:42+00:00
ba5ae176-3444-466a-a453-692a03786562,public_holiday,Public,Corpus Christi,DE,Germany,2029-05-31,2029-05-31,1,false,Regional,FullDay,1,,,OpenHolidays API,https://openholidaysapi.org/PublicHolidays,aggregated_official_calendar,api,2026-06-19T20:09:42+00:00
fab0fc97-bcbb-53f3-b57a-da0252dd3b11,school_holiday,School,Summer Holidays,AT,Austria,2029-07-07,2029-09-09,65,false,Regional,FullDay,2,,,Austrian statutory school-calendar rules,https://ris.bka.gv.at/NormDokument.wxe?Abfrage=Bundesnormen&Gesetzesnummer=10009575&Paragraf=2,calculated_from_current_law,statutory_calculation,2026-06-19T20:09:42+00:00
7d878bc3-73de-45c3-a577-3f31d89aba5f,school_holiday,School,Summer Holidays,DE,Germany,2029-07-30,2029-09-10,43,false,Regional,FullDay,1,,,OpenHolidays API,https://openholidaysapi.org/SchoolHolidays,aggregated_official_calendar,api,2026-06-19T20:09:42+00:00
b9770e9c-57bf-459e-8c7a-3b3378826446,public_holiday,Public,Assumption Day,AT,Austria,2029-08-15,2029-08-15,1,true,National,FullDay,2,,,OpenHolidays API,https://openholidaysapi.org/PublicHolidays,aggregated_official_calendar,api,2026-06-19T20:09:42+00:00
36241d78-1a1c-473a-b3bd-c797e719bd22,public_holiday,Public,Assumption Day,DE,Germany,2029-08-15,2029-08-15,1,false,Regional,FullDay,1,,,OpenHolidays API,https://openholidaysapi.org/PublicHolidays,aggregated_official_calendar,api,2026-06-19T20:09:42+00:00
616a124c-172e-56a9-91d1-e164cf97f894,school_holiday,School,Saint Rupert's Day,AT,Austria,2029-09-24,2029-09-24,1,false,Regional,FullDay,1,,,Austrian statutory school-calendar rules,https://ris.bka.gv.at/NormDokument.wxe?Abfrage=Bundesnormen&Gesetzesnummer=10009575&Paragraf=2,calculated_from_current_law,statutory_calculation,2026-06-19T20:09:42+00:00
1a4a00d6-927b-4b52-93c8-a444bd420e45,public_holiday,Public,Day of German Unity,DE,Germany,2029-10-03,2029-10-03,1,true,National,FullDay,1,,,OpenHolidays API,https://openholidaysapi.org/PublicHolidays,aggregated_official_calendar,api,2026-06-19T20:09:42+00:00
820fcecf-f610-44e5-89f2-aea6ecc35d9c,public_holiday,Public,National Day,AT,Austria,2029-10-26,2029-10-26,1,true,National,FullDay,2,,,OpenHolidays API,https://openholidaysapi.org/PublicHolidays,aggregated_official_calendar,api,2026-06-19T20:09:42+00:00
813ecc72-cd5e-56c9-aca7-18c3f54fd43d,school_holiday,School,Autumn Holidays,AT,Austria,2029-10-27,2029-10-31,5,false,Regional,FullDay,2,,,Austrian statutory school-calendar rules,https://ris.bka.gv.at/NormDokument.wxe?Abfrage=Bundesnormen&Gesetzesnummer=10009575&Paragraf=2,calculated_from_current_law,statutory_calculation,2026-06-19T20:09:42+00:00
8c833a7d-757c-45fd-9e68-82affb59ed92,school_holiday,School,Autumn Holidays,DE,Germany,2029-10-29,2029-11-02,5,false,Regional,FullDay,1,,,OpenHolidays API,https://openholidaysapi.org/SchoolHolidays,aggregated_official_calendar,api,2026-06-19T20:09:42+00:00
f3b8073e-540b-4244-b4f5-92fd2c5a6641,public_holiday,Public,All Saints' Day,AT,Austria,2029-11-01,2029-11-01,1,true,National,FullDay,2,,,OpenHolidays API,https://openholidaysapi.org/PublicHolidays,aggregated_official_calendar,api,2026-06-19T20:09:42+00:00
54bcf1e5-8fdb-4f6d-9a8e-5c8fd3afc8ab,public_holiday,Public,All Saints' Day,DE,Germany,2029-11-01,2029-11-01,1,false,Regional,FullDay,1,,,OpenHolidays API,https://openholidaysapi.org/PublicHolidays,aggregated_official_calendar,api,2026-06-19T20:09:42+00:00
c5da7be4-0606-53fc-835f-3dbcb6a7eb07,school_holiday,School,All Souls' Day,AT,Austria,2029-11-02,2029-11-02,1,false,Regional,FullDay,2,,,Austrian statutory school-calendar rules,https://ris.bka.gv.at/NormDokument.wxe?Abfrage=Bundesnormen&Gesetzesnummer=10009575&Paragraf=2,calculated_from_current_law,statutory_calculation,2026-06-19T20:09:42+00:00
8510029e-033d-404b-8273-a9f820605326,school_holiday,School,Repentance Day,DE,Germany,2029-11-21,2029-11-21,1,false,Regional,FullDay,1,,,OpenHolidays API,https://openholidaysapi.org/SchoolHolidays,aggregated_official_calendar,api,2026-06-19T20:09:42+00:00
69034948-bdaf-4cbe-83d8-6dc1efe710de,public_holiday,Public,Immaculate Conception,AT,Austria,2029-12-08,2029-12-08,1,true,National,FullDay,2,,,OpenHolidays API,https://openholidaysapi.org/PublicHolidays,aggregated_official_calendar,api,2026-06-19T20:09:42+00:00
48b9155b-9487-58e5-9159-c051acd17d0b,school_holiday,School,Christmas Holidays,AT,Austria,2029-12-24,2030-01-06,14,false,Regional,FullDay,2,,,Austrian statutory school-calendar rules,https://ris.bka.gv.at/NormDokument.wxe?Abfrage=Bundesnormen&Gesetzesnummer=10009575&Paragraf=2,calculated_from_current_law,statutory_calculation,2026-06-19T20:09:42+00:00
13ff89e9-6bd2-4338-a867-94de512bab3d,school_holiday,School,Christmas Holidays,DE,Germany,2029-12-24,2030-01-04,12,false,Regional,FullDay,1,,,OpenHolidays API,https://openholidaysapi.org/SchoolHolidays,aggregated_official_calendar,api,2026-06-19T20:09:42+00:00
4405ef3e-8b81-4446-97f0-11e835482e3b,public_holiday,Public,Christmas Day,AT,Austria,2029-12-25,2029-12-25,1,true,National,FullDay,2,,,OpenHolidays API,https://openholidaysapi.org/PublicHolidays,aggregated_official_calendar,api,2026-06-19T20:09:42+00:00
639c0acc-34dc-4707-be65-6a4acd9e0baf,public_holiday,Public,Christmas Day,DE,Germany,2029-12-25,2029-12-25,1,true,Regional,FullDay,1,,,OpenHolidays API,https://openholidaysapi.org/PublicHolidays,aggregated_official_calendar,api,2026-06-19T20:09:42+00:00
bfb0cedd-3fb2-42b2-a001-d42457ce8150,public_holiday,Public,St Stephen's Day,AT,Austria,2029-12-26,2029-12-26,1,true,National,FullDay,2,,,OpenHolidays API,https://openholidaysapi.org/PublicHolidays,aggregated_official_calendar,api,2026-06-19T20:09:42+00:00
ea094378-f694-4981-9cc2-062450123205,public_holiday,Public,2nd Day of Christmas,DE,Germany,2029-12-26,2029-12-26,1,true,Regional,FullDay,1,,,OpenHolidays API,https://openholidaysapi.org/PublicHolidays,aggregated_official_calendar,api,2026-06-19T20:09:42+00:00
