road,corridor,service,identifier,title,subtitle,display_type,coord_lat,coord_lon,in_target_bbox,start_iso,end_iso,start_text_parsed,end_text_parsed,description,is_2_plus_0,config_type,n_closed_lanes,raw_symbols,ext_from_lat,ext_from_lon,ext_to_lat,ext_to_lon
A8,A8_Ost,roadworks,2025-060228--vi-fbm.2026-06-15_08-00-00-000.devi-zus.2026-06-01_00-00-00-000_008.de3,A8 | Bundesgrenze - Weiler, Luxemburg -> Saarlouis,SHORT_TERM_ROADWORKS,49.47987760703651,6.369250133423089,False,,,,,"Die Baustelle ist zu folgenden Zeiträumen gültig: Jeden Montag, Dienstag, Mittwoch, Donnerstag und Freitag zwischen dem 15.06.26 und dem 26.06.26 von 08:00 bis 16:00 Uhr.  A8: Luxemburg -> Saarlouis, zwischen 0.1 km hinter Bundesgrenze und 3.6 km vor Weiler  Länge: 13.54 km | Max. 80 km/h | Maximale Durchfahrtsbreite: 5.75 m  A008 Ern. AS Mzg.-Wellingen-AS Perl RF SB 77,8 - KM 90,7",True,2+0_bidirectional,2,BREAKDOWN_LANE|BORDER_LEFT|ARROW_DOWN|CLOSED|SEPARATE|CLOSED|ARROW_UP|BORDER_RIGHT|BREAKDOWN_LANE,49.47987760703651,6.369250133423089,49.452203699565715,6.519415301659253
A8,A8_Ost,roadworks,2025-030722--vi-bs.2025-07-28_08-30-00-000.devi-bs.2025-06-30_00-00-00-000_002.de3,A8 | Bundesgrenze - Moseltal, Luxemburg -> Saarlouis,ROADWORKS,49.47932871273438,6.368012067178018,False,2025-07-28T08:30:00+02:00,,2025-07-28,2027-08-01,"Zeitraum dieser Bauphase: Beginn: 28.07.25 um 08:30 Uhr Ende: 01.08.27 um 00:00 Uhr (Ende der Gesamtmaßnahme: 01.08.27)  A8: Luxemburg -> Saarlouis, zwischen Bundesgrenze und 0.3 km vor Moseltal  Länge: 0.38 km | Maximale Durchfahrtsbreite: 3.5 m  A8 Brückeninstandsetzung",False,complex,2,SEPARATE|ARROW_UP|CLOSED|BORDER_RIGHT|CLOSED,49.47932871273438,6.368012067178018,49.481574885427094,6.371934075545792
A8,A8_Ost,roadworks,2026-027577--vi-bs.2026-06-28_11-30-00-000.devi-bs.2026-06-28_08-00-00-000.de7,A8 | Wallerfangen - Saarlouis, Saarbrücken -> Saarlouis,SHORT_TERM_ROADWORKS,49.32862123271528,6.731117299501033,False,,,,,"Die Baustelle ist zu folgenden Zeiträumen gültig: 28.06.26 von 11:30 bis 12:30 Uhr  A620: Saarbrücken -> Saarlouis, zwischen 1.0 km hinter AS Wallerfangen und 0.6 km vor AD Saarlouis  Länge: 0.01 km | Maximale Durchfahrtsbreite: 3.25 m  A620 von Wallerfangen (AS) Brückenwartung",False,complex,1,SEPARATE|CLOSED|ARROW_UP|BORDER_RIGHT|BREAKDOWN_LANE,49.32862123271528,6.731117299501033,49.3286932864716,6.731061047580311
A8,A8_Ost,roadworks,2026-027577--vi-bs.2026-06-28_09-00-00-000.devi-bs.2026-06-28_08-00-00-000.de3,A8 | Wallerfangen - Saarlouis, Saarbrücken -> Saarlouis,SHORT_TERM_ROADWORKS,49.32861322674049,6.731123549704141,False,,,,,"Die Baustelle ist zu folgenden Zeiträumen gültig: 28.06.26 von 09:00 bis 10:00 Uhr  A620: Saarbrücken -> Saarlouis, zwischen 1.0 km hinter AS Wallerfangen und 0.6 km vor AD Saarlouis  Länge: 0.01 km | Maximale Durchfahrtsbreite: 3.25 m  A620 von Wallerfangen (AS) Brückenwartung",False,complex,1,SEPARATE|ARROW_UP|CLOSED|BORDER_RIGHT|BREAKDOWN_LANE,49.32861322674049,6.731123549704141,49.328709298413294,6.731048547130802
A8,A8_Ost,roadworks,2025-030722--vi-bs.2025-07-28_08-30-00-000.devi-bs.2025-06-30_00-00-00-000_002.de1,A8 | Perl-Borg - Bundesgrenze, Saarlouis -> Luxemburg,ROADWORKS,49.486863049121744,6.378268825981015,False,2025-07-28T08:30:00+02:00,,2025-07-28,2027-08-01,"Zeitraum dieser Bauphase: Beginn: 28.07.25 um 08:30 Uhr Ende: 01.08.27 um 00:00 Uhr (Ende der Gesamtmaßnahme: 01.08.27)  A8: Saarlouis -> Luxemburg, zwischen 3.3 km hinter AS Perl-Borg und Bundesgrenze  Länge: 1.13 km | Maximale Durchfahrtsbreite: 3.5 m  A8 Brückeninstandsetzung",False,complex,2,SEPARATE|ARROW_UP|CLOSED|BORDER_RIGHT|CLOSED,49.486863049121744,6.378268825981015,49.47943117154812,6.367966090826275
A8,A8_Ost,roadworks,2025-060228--vi-fbm.2026-06-15_08-00-00-000.devi-zus.2026-06-01_00-00-00-000_008.de1,A8 | Weiler - Bundesgrenze, Saarlouis -> Luxemburg,SHORT_TERM_ROADWORKS,49.45230914793094,6.519346133475216,False,,,,,"Die Baustelle ist zu folgenden Zeiträumen gültig: Jeden Montag, Dienstag, Mittwoch, Donnerstag und Freitag zwischen dem 15.06.26 und dem 26.06.26 von 08:00 bis 16:00 Uhr.  A8: Saarlouis -> Luxemburg, zwischen 3.6 km hinter Weiler und 0.1 km vor Bundesgrenze  Länge: 13.54 km | Max. 80 km/h | Maximale Durchfahrtsbreite: 5.75 m  A008 Ern. AS Mzg.-Wellingen-AS Perl RF SB 77,8 - KM 90,7",True,2+0_bidirectional,2,BREAKDOWN_LANE|BORDER_LEFT|ARROW_DOWN|CLOSED|SEPARATE|CLOSED|ARROW_UP|BORDER_RIGHT|BREAKDOWN_LANE,49.45230914793094,6.519346133475216,49.47995668816723,6.369162191698044
A8,A8_Ost,roadworks,2023-001099--vi-bs.2026-06-08_08-30-00-000.devi-zus.2024-09-17_09-00-00-000.de197,A8 | Saarbrücken - Friedrichsthal-Bildstock, Saarlouis -> Neunkirchen,SHORT_TERM_ROADWORKS,49.34374958712686,7.0482514279646304,False,,,,,"Die Baustelle ist zu folgenden Zeiträumen gültig: 23.06.26 von 09:30 bis 15:00 Uhr 24.06.26 von 09:30 bis 15:00 Uhr  A8: Saarlouis -> Neunkirchen, zwischen 2.5 km hinter AK Saarbrücken und 1.2 km vor AS Friedrichsthal-Bildstock  Länge: 1.31 km | Maximale Durchfahrtsbreite: 3.25 m  A8 Schallschutzarbeiten",False,complex,1,SEPARATE|ARROW_UP|CLOSED|BORDER_RIGHT|BREAKDOWN_LANE,49.34374958712686,7.0482514279646304,49.3367337180132,7.062315939653502
A8,A8_Ost,roadworks,2023-001099--vi-bs.2026-06-08_08-30-00-000.devi-zus.2024-09-17_09-00-00-000.de195,A8 | Saarbrücken - Friedrichsthal-Bildstock, Saarlouis -> Neunkirchen,SHORT_TERM_ROADWORKS,49.34374958712686,7.0482514279646304,False,,,,,"Die Baustelle ist zu folgenden Zeiträumen gültig: 23.06.26 von 09:30 bis 15:00 Uhr 24.06.26 von 09:30 bis 15:00 Uhr  A8: Saarlouis -> Neunkirchen, zwischen 2.5 km hinter AK Saarbrücken und 1.2 km vor AS Friedrichsthal-Bildstock  Länge: 1.31 km | Maximale Durchfahrtsbreite: 3.25 m  A8 Schallschutzarbeiten",False,complex,1,SEPARATE|CLOSED|ARROW_UP|BORDER_RIGHT|BREAKDOWN_LANE,49.34374958712686,7.0482514279646304,49.3367337180132,7.062315939653502
A8,A8_Ost,roadworks,2023-001099--vi-bs.2025-11-14_06-00-00-000.devi-zus.2024-09-17_09-00-00-000.de158,A8 | Saarbrücken - Friedrichsthal-Bildstock, Saarlouis -> Neunkirchen,ROADWORKS,49.34321655539114,7.048859080114184,False,2025-11-14T06:00:00+01:00,,2025-11-14,2026-08-31,"Zeitraum dieser Bauphase: Beginn: 14.11.25 um 06:00 Uhr Ende: 31.08.26 um 12:00 Uhr (Ende der Gesamtmaßnahme: 28.02.27)  A8: Saarlouis -> Neunkirchen, zwischen 2.6 km hinter AK Saarbrücken und 1.7 km vor AS Friedrichsthal-Bildstock  Länge: 0.69 km | Maximale Durchfahrtsbreite: 6.25 m  A8 Schallschutzarbeiten",False,complex,0,SEPARATE|ARROW_UP|ARROW_UP|BORDER_RIGHT|BREAKDOWN_LANE,49.34321655539114,7.048859080114184,49.338747745885456,7.05545257887074
A8,A8_Ost,roadworks,2023-001099--vi-bs.2025-11-14_06-00-00-000.devi-zus.2024-09-17_09-00-00-000.de156,A8 | Merchweiler - Friedrichsthal-Bildstock, Saarlouis -> Neunkirchen,ROADWORKS,49.338757889891326,7.055427041895462,False,2025-11-14T06:00:00+01:00,,2025-11-14,2026-08-31,"Zeitraum dieser Bauphase: Beginn: 14.11.25 um 06:00 Uhr Ende: 31.08.26 um 12:00 Uhr (Ende der Gesamtmaßnahme: 28.02.27)  A8: Saarlouis -> Neunkirchen, zwischen 0.4 km hinter AS Merchweiler und 0.3 km vor AS Friedrichsthal-Bildstock  Länge: 1.46 km | Maximale Durchfahrtsbreite: 3.75 m  A8 Schallschutzarbeiten",True,2+0_bidirectional,2,ARROW_DOWN|BORDER_LEFT|ARROW_DOWN|SEPARATE|ARROW_UP|SEPARATE|ARROW_UP|CLOSED|BORDER_RIGHT|CLOSED,49.338757889891326,7.055427041895462,49.33122804499315,7.071261873471719
A8,A8_Ost,roadworks,2023-001099--vi-bs.2025-11-14_06-00-00-000.devi-zus.2024-09-17_09-00-00-000.de154,A8 | Friedrichsthal-Bildstock - Merchweiler, Neunkirchen -> Saarlouis,ROADWORKS,49.33128335859496,7.0714026768130935,False,2025-11-14T06:00:00+01:00,,2025-11-14,2026-08-31,"Zeitraum dieser Bauphase: Beginn: 14.11.25 um 06:00 Uhr Ende: 31.08.26 um 12:00 Uhr (Ende der Gesamtmaßnahme: 28.02.27)  A8: Neunkirchen -> Saarlouis, zwischen 0.3 km hinter AS Friedrichsthal-Bildstock und 0.4 km vor AS Merchweiler  Länge: 1.46 km | Maximale Durchfahrtsbreite: 5.85 m  A8 Schallschutzarbeiten",True,2+0_bidirectional,2,CLOSED|BORDER_LEFT|CLOSED|ARROW_DOWN|SEPARATE|ARROW_DOWN|SEPARATE|ARROW_UP|BORDER_RIGHT|ARROW_UP,49.33128335859496,7.0714026768130935,49.33884260094381,7.05551009999709
A8,A8_Ost,roadworks,2023-001099--vi-bs.2026-06-08_08-30-00-000.devi-zus.2024-09-17_09-00-00-000.de193,A8 | Friedrichsthal - Merchweiler, Neunkirchen -> Saarlouis,SHORT_TERM_ROADWORKS,49.328124351040856,7.073486265160831,False,,,,,"Die Baustelle ist zu folgenden Zeiträumen gültig: 23.06.26 von 08:30 bis 13:30 Uhr 24.06.26 von 08:30 bis 13:30 Uhr  A8: Neunkirchen -> Saarlouis, zwischen 1.0 km hinter AD Friedrichsthal und 0.6 km vor AS Merchweiler  Länge: 1.65 km | Maximale Durchfahrtsbreite: 2.7 m  A8 Schallschutzarbeiten",False,complex,1,SEPARATE|ARROW_UP|CLOSED|BORDER_RIGHT|BREAKDOWN_LANE,49.328124351040856,7.073486265160831,49.33805168444836,7.057858849095337
A8,A8_Ost,roadworks,2023-001099--vi-bs.2026-06-08_08-30-00-000.devi-zus.2024-09-17_09-00-00-000.de191,A8 | Friedrichsthal - Merchweiler, Neunkirchen -> Saarlouis,SHORT_TERM_ROADWORKS,49.328124351040856,7.073486265160831,False,,,,,"Die Baustelle ist zu folgenden Zeiträumen gültig: 23.06.26 von 08:30 bis 13:30 Uhr 24.06.26 von 08:30 bis 13:30 Uhr  A8: Neunkirchen -> Saarlouis, zwischen 1.0 km hinter AD Friedrichsthal und 0.6 km vor AS Merchweiler  Länge: 1.65 km | Maximale Durchfahrtsbreite: 3.25 m  A8 Schallschutzarbeiten",False,complex,1,SEPARATE|CLOSED|ARROW_UP|BORDER_RIGHT|BREAKDOWN_LANE,49.328124351040856,7.073486265160831,49.33805168444836,7.057858849095337
A8,A8_Ost,roadworks,2023-001099--vi-bs.2025-11-14_06-00-00-000.devi-zus.2024-09-17_09-00-00-000.de160,A8 | Friedrichsthal - Merchweiler, Neunkirchen -> Saarlouis,ROADWORKS,49.32762915976845,7.073770979389331,False,2025-11-14T06:00:00+01:00,,2025-11-14,2026-08-31,"Zeitraum dieser Bauphase: Beginn: 14.11.25 um 06:00 Uhr Ende: 31.08.26 um 12:00 Uhr (Ende der Gesamtmaßnahme: 28.02.27)  A8: Neunkirchen -> Saarlouis, zwischen 0.9 km hinter AD Friedrichsthal und 1.9 km vor AS Merchweiler  Länge: 0.44 km | Maximale Durchfahrtsbreite: 6.25 m  A8 Schallschutzarbeiten",False,complex,0,SEPARATE|ARROW_UP|ARROW_UP|BORDER_RIGHT|BREAKDOWN_LANE,49.32762915976845,7.073770979389331,49.33128335859496,7.0714026768130935
A8,A8_Ost,roadworks,2023-001068--vi-bs.2026-06-08_05-00-00-000.devi-zus.2023-02-10_20-00-00-000.f_001.de207,A8 | Neunkirchen/Spiesen - Kohlhof, Saarlouis -> Neunkirchen,ROADWORKS,49.328884083847356,7.187003040335196,False,2026-06-08T05:00:00+02:00,,2026-06-08,2026-12-24,"Zeitraum dieser Bauphase: Beginn: 08.06.26 um 05:00 Uhr Ende: 24.12.26 um 05:00 Uhr (Ende der Gesamtmaßnahme: 01.01.32)  A8: Saarlouis -> Neunkirchen, zwischen 2.6 km hinter AS Neunkirchen/Spiesen und 1.0 km vor Kohlhof  Länge: 1.93 km | Maximale Durchfahrtsbreite: 5.85 m  A8 Brückenneubau",True,2+0_bidirectional,3,ARROW_DOWN|BORDER_LEFT|ARROW_DOWN|SEPARATE|ARROW_UP|ARROW_UP|SEPARATE|CLOSED|CLOSED|BORDER_RIGHT|CLOSED,49.328884083847356,7.187003040335196,49.327345090182895,7.213041305719344
A8,A8_Ost,roadworks,2023-001068--vi-bs.2026-06-08_05-00-00-000.devi-zus.2023-02-10_20-00-00-000.f_001.de203,A8 | Neunkirchen/Spiesen - Neunkirchen-Oberstadt, Saarlouis -> Neunkirchen,ROADWORKS,49.32662357984294,7.1781863387905425,False,2026-06-08T05:00:00+02:00,,2026-06-08,2026-12-24,"Zeitraum dieser Bauphase: Beginn: 08.06.26 um 05:00 Uhr Ende: 24.12.26 um 05:00 Uhr (Ende der Gesamtmaßnahme: 01.01.32)  A8: Saarlouis -> Neunkirchen, zwischen 1.9 km hinter AS Neunkirchen/Spiesen und 0.3 km vor AS Neunkirchen-Oberstadt  Länge: 0.69 km | Maximale Durchfahrtsbreite: 5.85 m  A8 Brückenneubau",False,normal,0,BREAKDOWN_LANE|BORDER_LEFT|ARROW_DOWN|ARROW_DOWN|SEPARATE|ARROW_UP|ARROW_UP|BORDER_RIGHT|BREAKDOWN_LANE,49.32662357984294,7.1781863387905425,49.328879072206014,7.186976612240699
A8,A8_Ost,roadworks,2023-001068--vi-bs.2026-06-08_05-00-00-000.devi-zus.2023-02-10_20-00-00-000.f_001.de201,A8 | Neunkirchen-Oberstadt - Neunkirchen/Spiesen, Neunkirchen -> Saarlouis,ROADWORKS,49.32895501725113,7.186943933614194,False,2026-06-08T05:00:00+02:00,,2026-06-08,2026-12-24,"Zeitraum dieser Bauphase: Beginn: 08.06.26 um 05:00 Uhr Ende: 24.12.26 um 05:00 Uhr (Ende der Gesamtmaßnahme: 01.01.32)  A8: Neunkirchen -> Saarlouis, zwischen 0.3 km hinter AS Neunkirchen-Oberstadt und 1.9 km vor AS Neunkirchen/Spiesen  Länge: 0.69 km | Maximale Durchfahrtsbreite: 5.85 m  A8 Brückenneubau",False,normal,0,BREAKDOWN_LANE|BORDER_LEFT|ARROW_DOWN|ARROW_DOWN|SEPARATE|ARROW_UP|ARROW_UP|BORDER_RIGHT|BREAKDOWN_LANE,49.32895501725113,7.186943933614194,49.32671467978647,7.178134640696295
A8,A8_Ost,roadworks,2023-001068--vi-bs.2026-06-08_05-00-00-000.devi-zus.2023-02-10_20-00-00-000.f_001.de199,A8 | Neunkirchen-Oberstadt - Kohlhof, Saarlouis -> Neunkirchen,ROADWORKS,49.32734476041113,7.21302755647301,False,2026-06-08T05:00:00+02:00,,2026-06-08,2026-12-24,"Zeitraum dieser Bauphase: Beginn: 08.06.26 um 05:00 Uhr Ende: 24.12.26 um 05:00 Uhr (Ende der Gesamtmaßnahme: 01.01.32)  A8: Saarlouis -> Neunkirchen, zwischen 1.6 km hinter AS Neunkirchen-Oberstadt und 0.3 km vor Kohlhof  Länge: 0.8 km | Maximale Durchfahrtsbreite: 5.85 m  A8 Brückenneubau",True,2+0_bidirectional,2,CLOSED|BORDER_LEFT|ARROW_DOWN|ARROW_DOWN|SEPARATE|CLOSED|ARROW_UP|BORDER_RIGHT|ARROW_UP,49.32734476041113,7.21302755647301,49.3274500451205,7.223973881085045
A8,A8_Ost,roadworks,2023-001068--vi-bs.2026-06-08_05-00-00-000.devi-zus.2023-02-10_20-00-00-000.f_001.de205,A8 | Kohlhof - Neunkirchen/Spiesen, Neunkirchen -> Saarlouis,ROADWORKS,49.32744895683089,7.213034602415921,False,2026-06-08T05:00:00+02:00,,2026-06-08,2026-12-24,"Zeitraum dieser Bauphase: Beginn: 08.06.26 um 05:00 Uhr Ende: 24.12.26 um 05:00 Uhr (Ende der Gesamtmaßnahme: 01.01.32)  A8: Neunkirchen -> Saarlouis, zwischen 1.1 km hinter Kohlhof und 2.6 km vor AS Neunkirchen/Spiesen  Länge: 1.93 km | Maximale Durchfahrtsbreite: 5.85 m  A8 Brückenneubau",True,2+0_bidirectional,3,CLOSED|BORDER_LEFT|CLOSED|CLOSED|SEPARATE|ARROW_DOWN|ARROW_DOWN|SEPARATE|ARROW_UP|BORDER_RIGHT|ARROW_UP,49.32744895683089,7.213034602415921,49.32895973793027,7.186970488113596
A8,A8_Ost,roadworks,2023-001068--vi-bs.2026-06-08_05-00-00-000.devi-zus.2023-02-10_20-00-00-000.f_001.de197,A8 | Kohlhof - Neunkirchen-Oberstadt, Neunkirchen -> Saarlouis,ROADWORKS,49.327546294523785,7.223991980038868,False,2026-06-08T05:00:00+02:00,,2026-06-08,2026-12-24,"Zeitraum dieser Bauphase: Beginn: 08.06.26 um 05:00 Uhr Ende: 24.12.26 um 05:00 Uhr (Ende der Gesamtmaßnahme: 01.01.32)  A8: Neunkirchen -> Saarlouis, zwischen 0.3 km hinter Kohlhof und 1.6 km vor AS Neunkirchen-Oberstadt  Länge: 0.8 km | Maximale Durchfahrtsbreite: 5.85 m  A8 Brückenneubau",True,2+0_bidirectional,2,ARROW_DOWN|BORDER_LEFT|ARROW_DOWN|CLOSED|SEPARATE|ARROW_UP|ARROW_UP|BORDER_RIGHT|CLOSED,49.327546294523785,7.223991980038868,49.327448525921156,7.213020862437661
A8,A8_Ost,roadworks,2026-030477--vi-bs.2026-06-25_09-00-00-000_005.de0,A8 | Limbach - Taubental, Neunkirchen -> Karlsruhe,SHORT_TERM_ROADWORKS,49.30162171436903,7.280422173656547,False,,,,,"Die Baustelle ist zu folgenden Zeiträumen gültig: 25.06.26 von 09:00 bis 10:00 Uhr  A8: Neunkirchen -> Karlsruhe, zwischen 1.0 km hinter AS Limbach und 0.3 km vor Taubental  Länge: 0.2 km | Max. 80 km/h | Maximale Durchfahrtsbreite: 3.25 m  A8 von Limbach (AS) nach Taubental (Parkplatz) Beseitigung Unfallfolgen",False,complex,1,SEPARATE|ARROW_UP|CLOSED|BORDER_RIGHT|BREAKDOWN_LANE,49.30162171436903,7.280422173656547,49.30098114807784,7.282980321301147
A8,A8_Ost,roadworks,2026-021009--vi-fbm.2026-05-11_00-00-00-000.devi-fbm.2026-05-11_00-00-00-000.de1,A8 | Einöd - Zweibrücken-Ernstweiler, Neunkirchen -> Karlsruhe,ROADWORKS,49.258627394653004,7.327254209270067,False,2026-05-11T00:00:00+02:00,,2026-05-11,2026-12-18,"Zeitraum dieser Bauphase: Beginn: 11.05.26 um 00:00 Uhr Ende: 18.12.26 um 00:00 Uhr (Ende der Gesamtmaßnahme: 18.12.26)  A8: Neunkirchen -> Karlsruhe, zwischen 1.5 km hinter AS Einöd und 0.9 km vor AS Zweibrücken-Ernstweiler  Länge: 1.18 km | Maximale Durchfahrtsbreite: 6.5 m  A8 AS ZW-Ernstweiler Hinweis auf LKWsperrung im nachgeordneten Netz, FR PS",False,complex,0,SEPARATE|ARROW_UP|ARROW_UP|BORDER_RIGHT|BREAKDOWN_LANE,49.258627394653004,7.327254209270067,49.25165286975737,7.338813095429119
A8,A8_Ost,roadworks,2024-057243--vi-fbm.2024-12-04_14-00-00-000.devi-zus.2024-12-04_14-00-00-000.f.de1,A8 | Einöd - Zweibrücken-Ernstweiler, Neunkirchen -> Karlsruhe,ROADWORKS,49.26357473987718,7.315801862814822,False,2024-12-04T14:00:00+01:00,,2024-12-04,2028-01-01,"Zeitraum dieser Bauphase: Beginn: 04.12.24 um 14:00 Uhr Ende: 01.01.28 um 00:00 Uhr (Ende der Gesamtmaßnahme: 01.01.28)  A8: Neunkirchen -> Karlsruhe, zwischen 0.5 km hinter AS Einöd und 2.5 km vor AS Zweibrücken-Ernstweiler  Länge: 0.52 km | Maximale Durchfahrtsbreite: 6.2 m  A8 BW 6709 601 Traglasteinschränkung",False,normal,0,ARROW_DOWN|ARROW_DOWN|SEPARATE|ARROW_UP|ARROW_UP,49.26357473987718,7.315801862814822,49.26168258097396,7.322273979033382
A8,A8_Ost,roadworks,2024-057243--vi-fbm.2024-12-04_14-00-00-000.devi-zus.2024-12-04_14-00-00-000.f.de3,A8 | Zweibrücken-Ernstweiler - Einöd, Karlsruhe -> Neunkirchen,ROADWORKS,49.261767163670804,7.322360253060338,False,2024-12-04T14:00:00+01:00,,2024-12-04,2028-01-01,"Zeitraum dieser Bauphase: Beginn: 04.12.24 um 14:00 Uhr Ende: 01.01.28 um 00:00 Uhr (Ende der Gesamtmaßnahme: 01.01.28)  A8: Karlsruhe -> Neunkirchen, zwischen 2.5 km hinter AS Zweibrücken-Ernstweiler und 0.5 km vor AS Einöd  Länge: 0.52 km | Maximale Durchfahrtsbreite: 6.2 m  A8 BW 6709 601 Traglasteinschränkung",False,normal,0,ARROW_DOWN|ARROW_DOWN|SEPARATE|ARROW_UP|ARROW_UP,49.261767163670804,7.322360253060338,49.26366248448189,7.3158693065606135
A8,A8_Ost,roadworks,2026-028530--vi-fbm.2026-06-08_07-00-00-000.de0,A8 | Walshausen - Contwig, Karlsruhe -> Neunkirchen,ROADWORKS,49.23068908631362,7.4151237050515,False,2026-06-08T07:00:00+02:00,,2026-06-08,2026-07-11,"Zeitraum dieser Bauphase: Beginn: 08.06.26 um 07:00 Uhr Ende: 11.07.26 um 00:00 Uhr (Ende der Gesamtmaßnahme: 11.07.26)  A8: Karlsruhe -> Neunkirchen, zwischen 4.5 km hinter AS Walshausen und 0.4 km vor AS Contwig  Länge: 1 km | Maximale Durchfahrtsbreite: 6.5 m  A8 von Contwig (AS) Aufstellen von Hinweistafeln für LKW Umleitung, FR LUX",False,complex,0,SEPARATE|ARROW_UP|ARROW_UP|BORDER_RIGHT|BREAKDOWN_LANE,49.23068908631362,7.4151237050515,49.23432698143145,7.402803764805343
A8,A8_Ost,roadworks,2026-011052--vi-bs.2026-03-06_08-00-00-000_010.de0,A8 | Walshausen - Pirmasens, Neunkirchen -> Karlsruhe,ROADWORKS,49.21946173672306,7.539848744398143,False,2026-03-06T08:00:00+01:00,,2026-03-06,2026-12-01,"Zeitraum dieser Bauphase: Beginn: 06.03.26 um 08:00 Uhr Ende: 01.12.26 um 00:00 Uhr (Ende der Gesamtmaßnahme: 01.12.26)  A8: Neunkirchen -> Karlsruhe, zwischen 3.3 km hinter Walshausen und 1.4 km vor AS Pirmasens  Länge: 0.62 km | Maximale Durchfahrtsbreite: 3.75 m  A8 von Pirmasens-WinzelnL600 (AS) Brückeninstandsetzung",False,complex,1,SEPARATE|ARROW_UP|BORDER_RIGHT|CLOSED,49.21946173672306,7.539848744398143,49.22101698628425,7.5476583461079905
A8,A8_Ost,roadworks,2025-063400--vi-bs.2026-01-16_05-00-00-000.devi-zus.2021-09-27_00-00-00-000_003.de47,A8 | Am Waisenrain - Pforzheim-Ost, Karlsruhe -> Stuttgart,ROADWORKS,48.914787338615405,8.71235255294063,False,2026-01-16T05:00:00+01:00,,2026-01-16,2027-07-01,"Zeitraum dieser Bauphase: Beginn: 16.01.26 um 05:00 Uhr Ende: 01.07.27 um 00:00 Uhr (Ende der Gesamtmaßnahme: 01.01.28)  A8: Karlsruhe -> Stuttgart, zwischen 1.8 km hinter Am Waisenrain und 0.2 km vor AS Pforzheim-Ost  Länge: 4.48 km | Maximale Durchfahrtsbreite: 6.2 m  A8 Neubau Enztalquerung bei Pforzheim-Ost ",True,2+0_bidirectional,2,CLOSED|CLOSED|SEPARATE|ARROW_DOWN|ARROW_DOWN|SEPARATE|ARROW_UP|ARROW_UP,48.914787338615405,8.71235255294063,48.91498570219214,8.763936892464361
A8,A8_Ost,roadworks,2025-063400--vi-bs.2026-01-16_05-00-00-000.devi-zus.2021-09-27_00-00-00-000_003.de65,A8 | Pforzheim-Nord - Pforzheim-Süd, Karlsruhe -> Stuttgart,ROADWORKS,48.91498570219214,8.763936892464361,False,2026-01-16T05:00:00+01:00,,2026-01-16,2027-07-01,"Zeitraum dieser Bauphase: Beginn: 16.01.26 um 05:00 Uhr Ende: 01.07.27 um 00:00 Uhr (Ende der Gesamtmaßnahme: 01.01.28)  A8: Karlsruhe -> Stuttgart, zwischen 4.1 km hinter AS Pforzheim-Nord und 1.7 km vor AS Pforzheim-Süd  Länge: 2.88 km | Maximale Durchfahrtsbreite: 6.2 m  A8 Neubau Enztalquerung bei Pforzheim-Ost ",True,2+0_bidirectional,2,CLOSED|CLOSED|SEPARATE|ARROW_DOWN|ARROW_DOWN|SEPARATE|ARROW_UP|ARROW_UP,48.91498570219214,8.763936892464361,48.89355648569479,8.785443205652996
A8,A8_Ost,roadworks,2025-063400--vi-bs.2026-01-16_05-00-00-000.devi-zus.2021-09-27_00-00-00-000_003.de53,A8 | Pforzheim-Nord - Pforzheim-Süd, Karlsruhe -> Stuttgart,ROADWORKS,48.91771738754354,8.723471004655886,False,2026-01-16T05:00:00+01:00,,2026-01-16,2027-07-01,"Zeitraum dieser Bauphase: Beginn: 16.01.26 um 05:00 Uhr Ende: 01.07.27 um 00:00 Uhr (Ende der Gesamtmaßnahme: 01.01.28)  A8: Karlsruhe -> Stuttgart, zwischen 0.4 km hinter AS Pforzheim-Nord und 0.5 km vor AS Pforzheim-Süd  Länge: 7.68 km | Maximale Durchfahrtsbreite: 6.2 m  A8 Neubau Enztalquerung bei Pforzheim-Ost ",True,2+0_bidirectional,2,CLOSED|CLOSED|SEPARATE|ARROW_DOWN|ARROW_DOWN|SEPARATE|ARROW_UP|ARROW_UP,48.91771738754354,8.723471004655886,48.882919292857856,8.787862883671545
A8,A8_Ost,roadworks,2026-030479--vi-bs.2026-06-22_09-00-00-000_006.de0,A8 | Pforzheim-Nord - Pforzheim-Ost, Karlsruhe -> Stuttgart,SHORT_TERM_ROADWORKS,48.91668838157358,8.719238154241891,False,,,,,"Die Baustelle ist zu folgenden Zeiträumen gültig: 22.06.26 von 09:00 bis 16:00 Uhr 23.06.26 von 09:00 bis 16:00 Uhr 24.06.26 von 09:00 bis 16:00 Uhr  A8: Karlsruhe -> Stuttgart, zwischen 0.1 km hinter AS Pforzheim-Nord und 4.0 km vor AS Pforzheim-Ost  Länge: 0.11 km | Maximale Durchfahrtsbreite: 7 m  A8 von Pforzheim-Nord (AS) nach Pforzheim-Ost (AS) Beseitigung Unfallfolgen",False,complex,2,SEPARATE|CLOSED|ARROW_UP|ARROW_UP|BORDER_RIGHT|CLOSED,48.91668838157358,8.719238154241891,48.917064530393,8.720638311191275
A8,A8_Ost,roadworks,2025-063400--vi-bs.2026-01-16_05-00-00-000.devi-zus.2021-09-27_00-00-00-000_003.de49,A8 | Pforzheim-Ost - Am Waisenrain, Stuttgart -> Karlsruhe,ROADWORKS,48.91513645914174,8.764245603301227,False,2026-01-16T05:00:00+01:00,,2026-01-16,2027-07-01,"Zeitraum dieser Bauphase: Beginn: 16.01.26 um 05:00 Uhr Ende: 01.07.27 um 00:00 Uhr (Ende der Gesamtmaßnahme: 01.01.28)  A8: Stuttgart -> Karlsruhe, zwischen 0.2 km hinter AS Pforzheim-Ost und 1.7 km vor Am Waisenrain  Länge: 4.48 km | Maximale Durchfahrtsbreite: 6.5 m  A8 Neubau Enztalquerung bei Pforzheim-Ost ",True,2+0_bidirectional,2,ARROW_DOWN|ARROW_DOWN|SEPARATE|ARROW_UP|ARROW_UP|SEPARATE|CLOSED|CLOSED,48.91513645914174,8.764245603301227,48.914909685253974,8.712266672086765
A8,A8_Ost,roadworks,2025-063400--vi-bs.2026-01-16_05-00-00-000.devi-zus.2021-09-27_00-00-00-000_003.de67,A8 | Pforzheim-Süd - Pforzheim-Nord, Stuttgart -> Karlsruhe,ROADWORKS,48.893595880144986,8.785716351671576,False,2026-01-16T05:00:00+01:00,,2026-01-16,2027-07-01,"Zeitraum dieser Bauphase: Beginn: 16.01.26 um 05:00 Uhr Ende: 01.07.27 um 00:00 Uhr (Ende der Gesamtmaßnahme: 01.01.28)  A8: Stuttgart -> Karlsruhe, zwischen 1.7 km hinter AS Pforzheim-Süd und 4.1 km vor AS Pforzheim-Nord  Länge: 2.88 km | Maximale Durchfahrtsbreite: 6.5 m  A8 Neubau Enztalquerung bei Pforzheim-Ost ",True,2+0_bidirectional,2,ARROW_DOWN|ARROW_DOWN|SEPARATE|ARROW_UP|ARROW_UP|SEPARATE|CLOSED|CLOSED,48.893595880144986,8.785716351671576,48.91513645914174,8.764245603301227
A8,A8_Ost,roadworks,2025-063400--vi-bs.2026-01-16_05-00-00-000.devi-zus.2021-09-27_00-00-00-000_003.de51,A8 | Pforzheim-Süd - Pforzheim-Nord, Stuttgart -> Karlsruhe,ROADWORKS,48.88292941353085,8.788079848256029,False,2026-01-16T05:00:00+01:00,,2026-01-16,2027-07-01,"Zeitraum dieser Bauphase: Beginn: 16.01.26 um 05:00 Uhr Ende: 01.07.27 um 00:00 Uhr (Ende der Gesamtmaßnahme: 01.01.28)  A8: Stuttgart -> Karlsruhe, zwischen 0.5 km hinter AS Pforzheim-Süd und 0.4 km vor AS Pforzheim-Nord  Länge: 7.68 km | Maximale Durchfahrtsbreite: 6.5 m  A8 Neubau Enztalquerung bei Pforzheim-Ost ",True,2+0_bidirectional,2,ARROW_DOWN|ARROW_DOWN|SEPARATE|ARROW_UP|ARROW_UP|SEPARATE|CLOSED|CLOSED,48.88292941353085,8.788079848256029,48.917821670647754,8.723416157340978
A8,A8_Ost,roadworks,2026-003080--vi-bs.2026-06-22_09-00-00-000.devi-zus.2026-02-23_09-00-00-000_012.de19,A8 | Leonberg - Leonberg-Ost, Karlsruhe -> Stuttgart,SHORT_TERM_ROADWORKS,48.780469914455644,9.014307744602341,False,,,,,"Die Baustelle ist zu folgenden Zeiträumen gültig: 22.06.26 von 14:00 bis 14:30 Uhr  A8: Karlsruhe -> Stuttgart, zwischen AD Leonberg und 0.8 km vor AS Leonberg-Ost  Länge: 0.16 km | Maximale Durchfahrtsbreite: 6.25 m  A8 Kleine Wartung Geschwindigkeitsmessanlagen",False,complex,1,SEPARATE|CLOSED|ARROW_UP|BORDER_RIGHT|BREAKDOWN_LANE,48.780469914455644,9.014307744602341,48.779641204425694,9.016055087057468
A8,A8_Ost,roadworks,2026-003080--vi-bs.2026-06-22_09-00-00-000.devi-zus.2026-02-23_09-00-00-000_012.de17,A8 | Leonberg - Leonberg-Ost, Karlsruhe -> Stuttgart,SHORT_TERM_ROADWORKS,48.780469914455644,9.014307744602341,False,,,,,"Die Baustelle ist zu folgenden Zeiträumen gültig: 22.06.26 von 10:00 bis 10:30 Uhr  A8: Karlsruhe -> Stuttgart, zwischen AD Leonberg und 0.8 km vor AS Leonberg-Ost  Länge: 0.16 km | Maximale Durchfahrtsbreite: 7.5 m  A8 Kleine Wartung Geschwindigkeitsmessanlagen",False,complex,1,SEPARATE|ARROW_UP|ARROW_UP|BORDER_RIGHT|CLOSED,48.780469914455644,9.014307744602341,48.779641204425694,9.016055087057468
A8,A8_Ost,roadworks,2026-003080--vi-bs.2026-06-22_09-00-00-000.devi-zus.2026-02-23_09-00-00-000_012.de31,A8 | Sindelfinger Wald - Leonberg-Ost, Stuttgart -> Karlsruhe,SHORT_TERM_ROADWORKS,48.751027796538786,9.034152565847357,False,,,,,"Die Baustelle ist zu folgenden Zeiträumen gültig: 22.06.26 von 13:00 bis 13:30 Uhr  A8: Stuttgart -> Karlsruhe, zwischen 1.0 km hinter Sindelfinger Wald und 2.1 km vor AS Leonberg-Ost  Länge: 0.74 km | Maximale Durchfahrtsbreite: 10.75 m  A8 Kleine Wartung Geschwindigkeitsmessanlagen",False,complex,1,SEPARATE|CLOSED|ARROW_UP|ARROW_UP|ARROW_UP|BORDER_RIGHT|BREAKDOWN_LANE,48.751027796538786,9.034152565847357,48.757694031966594,9.033411736789702
A8,A8_Ost,roadworks,2026-003080--vi-bs.2026-06-22_09-00-00-000.devi-zus.2026-02-23_09-00-00-000_012.de29,A8 | Sindelfinger Wald - Leonberg-Ost, Stuttgart -> Karlsruhe,SHORT_TERM_ROADWORKS,48.751027796538786,9.034152565847357,False,,,,,"Die Baustelle ist zu folgenden Zeiträumen gültig: 22.06.26 von 09:00 bis 09:30 Uhr  A8: Stuttgart -> Karlsruhe, zwischen 1.0 km hinter Sindelfinger Wald und 2.1 km vor AS Leonberg-Ost  Länge: 0.74 km | Maximale Durchfahrtsbreite: 14.5 m  A8 Kleine Wartung Geschwindigkeitsmessanlagen",False,complex,1,SEPARATE|ARROW_UP|ARROW_UP|ARROW_UP|ARROW_UP|BORDER_RIGHT|CLOSED,48.751027796538786,9.034152565847357,48.757694031966594,9.033411736789702
A8,A8_Ost,roadworks,2026-003080--vi-bs.2026-06-22_09-00-00-000.devi-zus.2026-02-23_09-00-00-000_012.de23,A8 | Stuttgart - Stuttgart-Möhringen, Karlsruhe -> Stuttgart,SHORT_TERM_ROADWORKS,48.708642281817674,9.117137610555579,False,,,,,"Die Baustelle ist zu folgenden Zeiträumen gültig: 22.06.26 von 15:00 bis 15:30 Uhr  A8: Karlsruhe -> Stuttgart, zwischen 4.2 km hinter AK Stuttgart und 0.8 km vor AS Stuttgart-Möhringen  Länge: 0.9 km | Maximale Durchfahrtsbreite: 7.25 m  A8 Kleine Wartung Geschwindigkeitsmessanlagen",False,complex,1,SEPARATE|CLOSED|ARROW_UP|ARROW_UP|BORDER_RIGHT|BREAKDOWN_LANE,48.708642281817674,9.117137610555579,48.70881920835835,9.129370153228587
A8,A8_Ost,roadworks,2026-003080--vi-bs.2026-06-22_09-00-00-000.devi-zus.2026-02-23_09-00-00-000_012.de21,A8 | Stuttgart - Stuttgart-Möhringen, Karlsruhe -> Stuttgart,SHORT_TERM_ROADWORKS,48.708642281817674,9.117137610555579,False,,,,,"Die Baustelle ist zu folgenden Zeiträumen gültig: 22.06.26 von 11:00 bis 11:30 Uhr  A8: Karlsruhe -> Stuttgart, zwischen 4.2 km hinter AK Stuttgart und 0.8 km vor AS Stuttgart-Möhringen  Länge: 0.9 km | Maximale Durchfahrtsbreite: 10.75 m  A8 Kleine Wartung Geschwindigkeitsmessanlagen",False,complex,1,SEPARATE|ARROW_UP|ARROW_UP|ARROW_UP|BORDER_RIGHT|CLOSED,48.708642281817674,9.117137610555579,48.70881920835835,9.129370153228587
A8,A8_Ost,roadworks,2026-003080--vi-bs.2026-06-22_09-00-00-000.devi-zus.2026-02-23_09-00-00-000_012.de25,A8 | Stuttgart-Plieningen - Stuttgart-Flughafen/Messe, München -> Stuttgart,SHORT_TERM_ROADWORKS,48.69379300415747,9.199534290280075,False,,,,,"Die Baustelle ist zu folgenden Zeiträumen gültig: 22.06.26 von 12:00 bis 12:30 Uhr  A8: München -> Stuttgart, zwischen 1.5 km hinter AS Stuttgart-Plieningen und 0.1 km vor AS Stuttgart-Flughafen/Messe  Länge: 0.97 km | Maximale Durchfahrtsbreite: 11 m  A8 Kleine Wartung Geschwindigkeitsmessanlagen",False,complex,1,SEPARATE|CLOSED|ARROW_UP|ARROW_UP|ARROW_UP|BORDER_RIGHT|BREAKDOWN_LANE,48.69379300415747,9.199534290280075,48.697760593450774,9.187892860999343
A8,A8_Ost,roadworks,2026-003532--vi-bs.2026-06-19_20-00-00-000.devi-bs.2026-06-12_20-00-00-000.de3,A8 | Stuttgart-Plieningen - Esslingen, Stuttgart -> München,SHORT_TERM_ROADWORKS,48.69699445664108,9.25622816330591,False,,,,,"Die Baustelle ist zu folgenden Zeiträumen gültig: 20.06.26 von 00:00 bis 17:30 Uhr 21.06.26 von 07:00 bis 18:00 Uhr 22.06.26 von 02:00 bis 06:00 Uhr  A8: Stuttgart -> München, zwischen 2.7 km hinter AS Stuttgart-Plieningen und 0.4 km vor AS Esslingen  Länge: 1.59 km | Maximale Durchfahrtsbreite: 7 m  A8 Vollsperrung AS Neuhausen FR München - Sanierung Rampen",False,complex,2,SEPARATE|ARROW_UP|ARROW_UP|CLOSED|BORDER_RIGHT|CLOSED,48.69699445664108,9.25622816330591,48.6949418951459,9.277570889413669
A8,A8_Ost,roadworks,2026-003080--vi-bs.2026-06-22_09-00-00-000.devi-zus.2026-02-23_09-00-00-000_012.de27,A8 | Stuttgart-Plieningen - Stuttgart-Flughafen/Messe, München -> Stuttgart,SHORT_TERM_ROADWORKS,48.69379300415747,9.199534290280075,False,,,,,"Die Baustelle ist zu folgenden Zeiträumen gültig: 22.06.26 von 16:00 bis 16:30 Uhr  A8: München -> Stuttgart, zwischen 1.5 km hinter AS Stuttgart-Plieningen und 0.1 km vor AS Stuttgart-Flughafen/Messe  Länge: 0.97 km | Maximale Durchfahrtsbreite: 10.75 m  A8 Kleine Wartung Geschwindigkeitsmessanlagen",False,complex,1,SEPARATE|ARROW_UP|ARROW_UP|ARROW_UP|BORDER_RIGHT|CLOSED,48.69379300415747,9.199534290280075,48.697760593450774,9.187892860999343
A8,A8_Ost,roadworks,2026-024959--vi-bs.2026-06-22_19-00-00-000.devi-zus.2026-05-26_19-00-00-000.de6,A8 | Esslingen / Ab- und Zufahrt Neuhausen - Stuttgart-Plieningen, München -> Stuttgart,SHORT_TERM_ROADWORKS,48.6977184567239,9.24729559665428,False,,,,,"Die Baustelle ist zu folgenden Zeiträumen gültig: Jeden Montag und Dienstag zwischen dem 22.06.26 und dem 24.06.26 von 19:00 bis 00:00 Uhr. Jeden Dienstag und Mittwoch zwischen dem 23.06.26 und dem 24.06.26 von 00:00 bis 05:30 Uhr.  A8: München -> Stuttgart, zwischen 1.3 km hinter AS Esslingen / Ab- und Zufahrt Neuhausen und 1.0 km vor AS Stuttgart-Plieningen  Länge: 1.01 km | Max. 80 km/h | Maximale Durchfahrtsbreite: 7 m  A8 von Stuttgart-Plieningen (AS) Tiefbauarbeiten neben der Fahrbahn",False,complex,2,SEPARATE|ARROW_UP|ARROW_UP|CLOSED|BORDER_RIGHT|CLOSED,48.6977184567239,9.24729559665428,48.69561401596837,9.23392233096102
A8,A8_Ost,roadworks,2026-024959--vi-bs.2026-06-09_19-00-00-000.devi-zus.2026-05-26_19-00-00-000.de3,A8 | Esslingen / Ab- und Zufahrt Neuhausen - Stuttgart-Flughafen/Messe, München -> Stuttgart,SHORT_TERM_ROADWORKS,48.693941327097654,9.22431243009776,False,,,,,"Die Baustelle ist zu folgenden Zeiträumen gültig: Jeden Montag, Dienstag, Mittwoch, Donnerstag, Freitag und Samstag zwischen dem 09.06.26 und dem 21.06.26 von 19:00 bis 00:00 Uhr. Jeden Dienstag, Mittwoch, Donnerstag, Freitag, Samstag und Sonntag zwischen dem 10.06.26 und dem 21.06.26 von 00:00 bis 05:30 Uhr.  A8: München -> Stuttgart, zwischen 3.1 km hinter AS Esslingen / Ab- und Zufahrt Neuhausen und 1.3 km vor AS Stuttgart-Flughafen/Messe  Länge: 1.62 km | Max. 80 km/h | Maximale Durchfahrtsb",False,complex,2,SEPARATE|ARROW_UP|ARROW_UP|CLOSED|BORDER_RIGHT|CLOSED,48.693941327097654,9.22431243009776,48.693349651940125,9.202519248356152
A8,A8_Ost,roadworks,2026-026749--vi-fbm.2026-06-10_20-00-00-000.devi-zus.2026-06-10_20-00-00-000_003.de7,A8 | Lämmerbuckeltunnel - Mühlhausen, München -> Stuttgart,SHORT_TERM_ROADWORKS,48.583459545220386,9.66453634972894,False,,,,,"Die Baustelle ist zu folgenden Zeiträumen gültig: 30.09.26 20:00 bis zum 01.10.26 05:00 Uhr. 02.10.26 20:00 bis zum 03.10.26 05:00 Uhr.  A8: München -> Stuttgart, zwischen 4.7 km hinter Lämmerbuckeltunnel und 0.1 km vor AS Mühlhausen  Länge: 0.03 km | Maximale Durchfahrtsbreite: 3.5 m  A8 Ausbau Gruibingen-Mühlhausen, Wirtschaftsweganbindung, Herstellung bzw. Rückbau Baustellenzufahrt",False,complex,1,SEPARATE|ARROW_UP|CLOSED,48.583459545220386,9.66453634972894,48.583580042519564,9.664142284374456
A8,A8_Ost,roadworks,2026-031219--vi-bs.2026-06-24_20-00-00-000_002.de0,A8 | Ulm-Nord - Leipheim, Stuttgart -> München,SHORT_TERM_ROADWORKS,48.45743871819339,10.016647048120841,False,,,,,"Die Baustelle ist zu folgenden Zeiträumen gültig: 24.06.26 20:00 bis zum 25.06.26 05:00 Uhr.  A8: Stuttgart -> München, zwischen 3.3 km hinter AS Ulm-Nord und 7.6 km vor AS Leipheim  Länge: 7.63 km | Max. 80 km/h | Maximale Durchfahrtsbreite: 4.5 m  A8 von Ulm-Nord (AS) nach Leipheim (AS) Beseitigung Unfallfolgen",False,complex,1,SEPARATE|CLOSED|ARROW_UP|BORDER_RIGHT|BREAKDOWN_LANE,48.45743871819339,10.016647048120841,48.46494573522606,10.115519294313001
A8,A8_Ost,roadworks,2026-031223--vi-bs.2026-06-25_20-00-00-000_004.de0,A8 | Ulm-Nord - Ulm-Ost, Stuttgart -> München,SHORT_TERM_ROADWORKS,48.457837832697464,9.99502966020084,False,,,,,"Die Baustelle ist zu folgenden Zeiträumen gültig: 25.06.26 20:00 bis zum 26.06.26 05:00 Uhr.  A8: Stuttgart -> München, zwischen 1.7 km hinter AS Ulm-Nord und 1.4 km vor AS Ulm-Ost  Länge: 1 km | Max. 80 km/h | Maximale Durchfahrtsbreite: 4.5 m  A8 von Ulm-Nord (AS) nach Ulm-Ost (AS) Beseitigung Unfallfolgen",False,complex,1,SEPARATE|CLOSED|ARROW_UP|BORDER_RIGHT|BREAKDOWN_LANE,48.457837832697464,9.99502966020084,48.45772100046717,10.008539110885732
A8,A8_Ost,roadworks,2026-031145--vi-bs.2026-06-22_07-00-00-000.devi-bs.2026-06-22_07-00-00-000_005.de1,A8 | Günzburg - Burgauer See, Stuttgart -> München,SHORT_TERM_ROADWORKS,48.43607636525152,10.328114577842532,False,,,,,"Die Baustelle ist zu folgenden Zeiträumen gültig: 22.06.26 von 07:00 bis 17:00 Uhr  A8: Stuttgart -> München, zwischen 2.8 km hinter AS Günzburg und 0.2 km vor Burgauer See  Länge: 8 km | Maximale Durchfahrtsbreite: 12 m  A8 von Günzburg (AS) nach Burgauer See (Raststaette) Grünpflege",False,complex,1,SEPARATE|ARROW_UP|ARROW_UP|ARROW_UP|BORDER_RIGHT|CLOSED,48.43607636525152,10.328114577842532,48.41251941592274,10.427070033745661
A8,A8_Ost,roadworks,2026-029604--vi-bs.2026-06-24_19-00-00-000.devi-zus.2026-06-15_19-00-00-000_009.de17,A8 | Limbach - Knöringen, Stuttgart -> München,SHORT_TERM_ROADWORKS,48.4312963369041,10.367798238436565,False,,,,,"Die Baustelle ist zu folgenden Zeiträumen gültig: 25.06.26 von 00:00 bis 05:00 Uhr  A8: Stuttgart -> München, zwischen 1.2 km hinter Limbach und 0.6 km vor Knöringen  Länge: 1 km | Max. 80 km/h | Maximale Durchfahrtsbreite: 6 m  PSV - Sanierung Hohlstellen",False,complex,2,SEPARATE|CLOSED|CLOSED|ARROW_UP|BORDER_RIGHT|BREAKDOWN_LANE,48.4312963369041,10.367798238436565,48.42744993308674,10.379854772681254
A8,A8_Ost,roadworks,2026-029604--vi-bs.2026-06-24_19-00-00-000.devi-zus.2026-06-15_19-00-00-000_009.de15,A8 | Limbach - Knöringen, Stuttgart -> München,SHORT_TERM_ROADWORKS,48.4312963369041,10.367798238436565,False,,,,,"Die Baustelle ist zu folgenden Zeiträumen gültig: 24.06.26 21:00 bis zum 25.06.26 03:00 Uhr.  A8: Stuttgart -> München, zwischen 1.2 km hinter Limbach und 0.6 km vor Knöringen  Länge: 1 km | Maximale Durchfahrtsbreite: 3.5 m  PSV - Sanierung Hohlstellen",False,complex,3,SEPARATE|ARROW_UP|CLOSED|CLOSED|BORDER_RIGHT|CLOSED,48.4312963369041,10.367798238436565,48.42744993308674,10.379854772681254
A8,A8_Ost,roadworks,2026-029604--vi-bs.2026-06-24_19-00-00-000.devi-zus.2026-06-15_19-00-00-000_009.de13,A8 | Limbach - Knöringen, Stuttgart -> München,SHORT_TERM_ROADWORKS,48.4312963369041,10.367798238436565,False,,,,,"Die Baustelle ist zu folgenden Zeiträumen gültig: 24.06.26 von 19:00 bis 21:00 Uhr  A8: Stuttgart -> München, zwischen 1.2 km hinter Limbach und 0.6 km vor Knöringen  Länge: 1 km | Max. 80 km/h | Maximale Durchfahrtsbreite: 7 m  PSV - Sanierung Hohlstellen",False,complex,2,SEPARATE|ARROW_UP|ARROW_UP|CLOSED|BORDER_RIGHT|CLOSED,48.4312963369041,10.367798238436565,48.42744993308674,10.379854772681254
A8,A8_Ost,roadworks,2026-030071--vi-bs.2026-06-25_08-30-00-000.de0,A8 | Limbach - Günzburg, München -> Stuttgart,SHORT_TERM_ROADWORKS,48.43561450175722,10.33071377493753,False,,,,,"Die Baustelle ist zu folgenden Zeiträumen gültig: 25.06.26 von 08:30 bis 12:30 Uhr  A8: München -> Stuttgart, zwischen 1.6 km hinter Limbach und 1.8 km vor AS Günzburg  Länge: 1.2 km | Max. 80 km/h | Maximale Durchfahrtsbreite: 7 m  PSV - Sanierung Legolandschild",False,complex,1,SEPARATE|ARROW_UP|ARROW_UP|CLOSED|BORDER_RIGHT|BREAKDOWN_LANE,48.43561450175722,10.33071377493753,48.43696573524757,10.314778555798439
A8,A8_Ost,roadworks,2026-029604--vi-bs.2026-06-22_19-00-00-000.devi-zus.2026-06-15_19-00-00-000_009.de49,A8 | Knöringen - Limbach, München -> Stuttgart,SHORT_TERM_ROADWORKS,48.431425717133045,10.367836857900542,False,,,,,"Die Baustelle ist zu folgenden Zeiträumen gültig: 22.06.26 22:30 bis zum 23.06.26 05:00 Uhr.  A8: München -> Stuttgart, zwischen 1.6 km hinter Knöringen und 0.2 km vor Limbach  Länge: 1 km | Max. 80 km/h | Maximale Durchfahrtsbreite: 6 m  PSV - Sanierung Hohlstellen",False,complex,2,SEPARATE|CLOSED|CLOSED|ARROW_UP|BORDER_RIGHT|BREAKDOWN_LANE,48.431425717133045,10.367836857900542,48.43210650094202,10.35436152890084
A8,A8_Ost,roadworks,2026-029604--vi-bs.2026-06-22_19-00-00-000.devi-zus.2026-06-15_19-00-00-000_009.de47,A8 | Knöringen - Limbach, München -> Stuttgart,SHORT_TERM_ROADWORKS,48.431425717133045,10.367836857900542,False,,,,,"Die Baustelle ist zu folgenden Zeiträumen gültig: 22.06.26 20:00 bis zum 23.06.26 03:00 Uhr.  A8: München -> Stuttgart, zwischen 1.6 km hinter Knöringen und 0.2 km vor Limbach  Länge: 1 km | Maximale Durchfahrtsbreite: 3.5 m  PSV - Sanierung Hohlstellen",False,complex,3,SEPARATE|ARROW_UP|CLOSED|CLOSED|BORDER_RIGHT|CLOSED,48.431425717133045,10.367836857900542,48.43210650094202,10.35436152890084
A8,A8_Ost,roadworks,2026-029604--vi-bs.2026-06-22_19-00-00-000.devi-zus.2026-06-15_19-00-00-000_009.de45,A8 | Knöringen - Limbach, München -> Stuttgart,SHORT_TERM_ROADWORKS,48.431425717133045,10.367836857900542,False,,,,,"Die Baustelle ist zu folgenden Zeiträumen gültig: 22.06.26 von 19:00 bis 21:00 Uhr  A8: München -> Stuttgart, zwischen 1.6 km hinter Knöringen und 0.2 km vor Limbach  Länge: 1 km | Max. 80 km/h | Maximale Durchfahrtsbreite: 7 m  PSV - Sanierung Hohlstellen",False,complex,2,SEPARATE|ARROW_UP|ARROW_UP|CLOSED|BORDER_RIGHT|CLOSED,48.431425717133045,10.367836857900542,48.43210650094202,10.35436152890084
A8,A8_Ost,roadworks,2026-029604--vi-bs.2026-06-24_22-00-00-000.devi-zus.2026-06-15_19-00-00-000_009.de21,A8 | Burgau - Knöringen, München -> Stuttgart,SHORT_TERM_ROADWORKS,48.41277901282454,10.433751354045404,False,,,,,"Die Baustelle ist zu folgenden Zeiträumen gültig: 25.06.26 von 00:00 bis 05:00 Uhr  A8: München -> Stuttgart, zwischen 0.2 km hinter AS Burgau und 2.4 km vor Knöringen  Länge: 1.49 km | Max. 80 km/h | Maximale Durchfahrtsbreite: 6 m  PSV - Sanierung Hohlstellen",False,complex,2,SEPARATE|CLOSED|CLOSED|ARROW_UP|BORDER_RIGHT|BREAKDOWN_LANE,48.41277901282454,10.433751354045404,48.412904087610926,10.413628039432894
A8,A8_Ost,roadworks,2026-029604--vi-bs.2026-06-24_22-00-00-000.devi-zus.2026-06-15_19-00-00-000_009.de19,A8 | Burgau - Knöringen, München -> Stuttgart,SHORT_TERM_ROADWORKS,48.41277901282454,10.433751354045404,False,,,,,"Die Baustelle ist zu folgenden Zeiträumen gültig: 24.06.26 22:00 bis zum 25.06.26 03:00 Uhr.  A8: München -> Stuttgart, zwischen 0.2 km hinter AS Burgau und 2.4 km vor Knöringen  Länge: 1.49 km | Maximale Durchfahrtsbreite: 3.5 m  PSV - Sanierung Hohlstellen",False,complex,3,SEPARATE|ARROW_UP|CLOSED|CLOSED|BORDER_RIGHT|CLOSED,48.41277901282454,10.433751354045404,48.412904087610926,10.413628039432894
A8,A8_Ost,roadworks,2026-031145--vi-bs.2026-06-22_06-00-00-000.devi-bs.2026-06-22_07-00-00-000_005.de3,A8 | Burgau - Streitheimer Forst-Nord, Stuttgart -> München,SHORT_TERM_ROADWORKS,48.41273641175616,10.440445167235065,False,,,,,"Die Baustelle ist zu folgenden Zeiträumen gültig: 22.06.26 von 06:00 bis 17:00 Uhr  A8: Stuttgart -> München, zwischen 0.3 km hinter AS Burgau und 0.1 km vor Streitheimer Forst-Nord  Länge: 15.98 km | Maximale Durchfahrtsbreite: 12 m  A8 von Günzburg (AS) nach Burgauer See (Raststaette) Grünpflege",False,complex,1,SEPARATE|ARROW_UP|ARROW_UP|ARROW_UP|BORDER_RIGHT|CLOSED,48.41273641175616,10.440445167235065,48.411670493084515,10.650036126554209
A8,A8_Ost,roadworks,2026-029714--vi-bs.2026-06-11_17-00-00-000.devi-bs.2026-06-11_17-00-00-000.de1,A8 | Scheppacher Forst - Burgau, München -> Stuttgart,ROADWORKS,48.4123451760082,10.472733547025562,False,2026-06-11T17:00:00+02:00,,2026-06-11,2026-06-30,"Zeitraum dieser Bauphase: Beginn: 11.06.26 um 17:00 Uhr Ende: 30.06.26 um 16:00 Uhr (Ende der Gesamtmaßnahme: 30.06.26)  A8: München -> Stuttgart, zwischen 2.7 km hinter Scheppacher Forst und 2.0 km vor AS Burgau  Länge: 0.7 km | Maximale Durchfahrtsbreite: 12 m  A8 von Scheppacher Forst (Parkplatz) nach Burgau (AS) Beseitigung Unfallfolgen",False,complex,0,SEPARATE|ARROW_UP|ARROW_UP|ARROW_UP|BORDER_RIGHT|BREAKDOWN_LANE,48.4123451760082,10.472733547025562,48.41329900301476,10.463379298527368
A8,A8_Ost,roadworks,2026-029840--vi-bs.2026-06-22_08-00-00-000.devi-zus.2026-06-22_08-00-00-000_003.de7,A8 | Zusmarshausen - Streitheimer Forst-Süd, Stuttgart -> München,SHORT_TERM_ROADWORKS,48.409812202947265,10.611310223654181,False,,,,,"Die Baustelle ist zu folgenden Zeiträumen gültig: 22.06.26 von 08:00 bis 17:00 Uhr  A8: Stuttgart -> München, zwischen 0.9 km hinter AS Zusmarshausen und 0.2 km vor Streitheimer Forst-Süd  Länge: 1.7 km | Maximale Durchfahrtsbreite: 9 m  A8 Anpassung Hinweisbeschilderung für Ladesäulen",False,complex,1,SEPARATE|ARROW_UP|ARROW_UP|ARROW_UP|BORDER_RIGHT|CLOSED,48.409812202947265,10.611310223654181,48.40953138229614,10.634137859615866
A8,A8_Ost,roadworks,2026-031314--vi-bs.2026-06-30_08-00-00-000.devi-zus.2026-06-30_08-00-00-000_003.de3,A8 | Streitheimer Forst-Nord - Streitheimer Forst-Süd, München -> Stuttgart,SHORT_TERM_ROADWORKS,48.41114014604202,10.645368250160487,False,,,,,"Die Baustelle ist zu folgenden Zeiträumen gültig: Jeden Dienstag, Mittwoch, Donnerstag und Freitag zwischen dem 30.06.26 und dem 09.07.26 von 08:00 bis 18:00 Uhr. 06.07.26 von 08:00 bis 18:00 Uhr  A8: München -> Stuttgart, zwischen 0.4 km hinter Streitheimer Forst-Nord und 0.5 km vor Streitheimer Forst-Süd  Länge: 0.15 km | Maximale Durchfahrtsbreite: 9 m  A8 Lärmschutzarbeiten Hirblingen",False,complex,1,SEPARATE|ARROW_UP|ARROW_UP|ARROW_UP|BORDER_RIGHT|CLOSED,48.41114014604202,10.645368250160487,48.41085022104901,10.643388963676772
A8,A8_Ost,roadworks,2026-013235--vi-bs.2026-06-22_00-00-00-000.devi-zus.2026-04-13_00-00-00-000_026.de13,A8 | Streitheimer Forst-Nord - Adelsried, Stuttgart -> München,ROADWORKS,48.418365702658924,10.701014344036777,False,2026-06-22T00:00:00+02:00,,2026-06-22,2026-06-27,"Zeitraum dieser Bauphase: Beginn: 22.06.26 um 00:00 Uhr Ende: 27.06.26 um 00:00 Uhr (Ende der Gesamtmaßnahme: 27.06.26)  A8: Stuttgart -> München, zwischen 3.9 km hinter Streitheimer Forst-Nord und 1.1 km vor AS Adelsried  Länge: 0.3 km | Max. 80 km/h | Maximale Durchfahrtsbreite: 12 m  A8-West_BauGrund Süd_PANSUEVIA Erkundungsbohrungen für DB-Trasse Ulm-Augsburg",False,complex,1,SEPARATE|ARROW_UP|ARROW_UP|ARROW_UP|BORDER_RIGHT|CLOSED,48.418365702658924,10.701014344036777,48.418079401753765,10.705047799222017
A8,A8_Ost,roadworks,2026-029840--vi-bs.2026-06-22_08-00-00-000.devi-zus.2026-06-22_08-00-00-000_003.de5,A8 | Adelsried - Streitheimer Forst-Nord, München -> Stuttgart,SHORT_TERM_ROADWORKS,48.4169762465812,10.668408128710258,False,,,,,"Die Baustelle ist zu folgenden Zeiträumen gültig: 22.06.26 von 08:00 bis 17:00 Uhr  A8: München -> Stuttgart, zwischen 3.9 km hinter AS Adelsried und 0.4 km vor Streitheimer Forst-Nord  Länge: 1 km | Maximale Durchfahrtsbreite: 9 m  A8 Anpassung Hinweisbeschilderung für Ladesäulen",False,complex,1,SEPARATE|ARROW_UP|ARROW_UP|ARROW_UP|BORDER_RIGHT|CLOSED,48.4169762465812,10.668408128710258,48.41280182381398,10.65656157165692
A8,A8_Ost,roadworks,2026-029604--vi-bs.2026-06-23_19-00-00-000.devi-zus.2026-06-15_19-00-00-000_009.de11,A8 | Adelsried - Streitheimer Forst-Süd, München -> Stuttgart,SHORT_TERM_ROADWORKS,48.414442823902945,10.66284280654285,False,,,,,"Die Baustelle ist zu folgenden Zeiträumen gültig: 24.06.26 von 00:00 bis 05:00 Uhr  A8: München -> Stuttgart, zwischen 4.4 km hinter AS Adelsried und Streitheimer Forst-Süd  Länge: 2 km | Max. 80 km/h | Maximale Durchfahrtsbreite: 6 m  PSV - Sanierung Hohlstellen",False,complex,2,SEPARATE|CLOSED|CLOSED|ARROW_UP|BORDER_RIGHT|BREAKDOWN_LANE,48.414442823902945,10.66284280654285,48.40990605854341,10.636774787241112
A8,A8_Ost,roadworks,2026-029604--vi-bs.2026-06-23_19-00-00-000.devi-zus.2026-06-15_19-00-00-000_009.de9,A8 | Adelsried - Streitheimer Forst-Süd, München -> Stuttgart,SHORT_TERM_ROADWORKS,48.414442823902945,10.66284280654285,False,,,,,"Die Baustelle ist zu folgenden Zeiträumen gültig: 23.06.26 21:00 bis zum 24.06.26 03:00 Uhr.  A8: München -> Stuttgart, zwischen 4.4 km hinter AS Adelsried und Streitheimer Forst-Süd  Länge: 2 km | Maximale Durchfahrtsbreite: 3.5 m  PSV - Sanierung Hohlstellen",False,complex,3,SEPARATE|ARROW_UP|CLOSED|CLOSED|BORDER_RIGHT|CLOSED,48.414442823902945,10.66284280654285,48.40990605854341,10.636774787241112
A8,A8_Ost,roadworks,2026-029604--vi-bs.2026-06-23_19-00-00-000.devi-zus.2026-06-15_19-00-00-000_009.de7,A8 | Adelsried - Streitheimer Forst-Süd, München -> Stuttgart,SHORT_TERM_ROADWORKS,48.414442823902945,10.66284280654285,False,,,,,"Die Baustelle ist zu folgenden Zeiträumen gültig: 23.06.26 von 19:00 bis 21:00 Uhr  A8: München -> Stuttgart, zwischen 4.4 km hinter AS Adelsried und Streitheimer Forst-Süd  Länge: 2 km | Max. 80 km/h | Maximale Durchfahrtsbreite: 7 m  PSV - Sanierung Hohlstellen",False,complex,2,SEPARATE|ARROW_UP|ARROW_UP|CLOSED|BORDER_RIGHT|CLOSED,48.414442823902945,10.66284280654285,48.40990605854341,10.636774787241112
A8,A8_Ost,roadworks,2026-030047--vi-bs.2026-06-23_08-00-00-000.devi-bs.2026-06-23_08-00-00-000_003.de3,A8 | Edenbergen - Neusäß, Stuttgart -> München,SHORT_TERM_ROADWORKS,48.41884667267601,10.817914660352592,False,,,,,"Die Baustelle ist zu folgenden Zeiträumen gültig: Jeden Dienstag, Mittwoch, Donnerstag und Freitag zwischen dem 23.06.26 und dem 02.07.26 von 08:00 bis 18:00 Uhr. 29.06.26 von 08:00 bis 18:00 Uhr  A8: Stuttgart -> München, zwischen 1.1 km hinter Edenbergen und 1.0 km vor AS Neusäß  Länge: 0.55 km | Maximale Durchfahrtsbreite: 9 m  A8 Lärmschutzarbeiten Hirblingen",False,complex,1,SEPARATE|ARROW_UP|ARROW_UP|ARROW_UP|BORDER_RIGHT|CLOSED,48.41884667267601,10.817914660352592,48.418151215427315,10.825272015124577
A8,A8_Ost,roadworks,2026-030047--vi-bs.2026-06-23_08-00-00-000.devi-bs.2026-06-23_08-00-00-000_003.de1,A8 | Neusäß - Edenbergen, München -> Stuttgart,SHORT_TERM_ROADWORKS,48.41868143116709,10.821290595427069,False,,,,,"Die Baustelle ist zu folgenden Zeiträumen gültig: Jeden Montag, Dienstag, Mittwoch, Donnerstag und Freitag zwischen dem 23.06.26 und dem 02.07.26 von 08:00 bis 18:00 Uhr.  A8: München -> Stuttgart, zwischen 1.3 km hinter AS Neusäß und 0.8 km vor Edenbergen  Länge: 0.5 km | Maximale Durchfahrtsbreite: 9 m  A8 Lärmschutzarbeiten Hirblingen",False,complex,1,SEPARATE|ARROW_UP|ARROW_UP|ARROW_UP|BORDER_RIGHT|CLOSED,48.41868143116709,10.821290595427069,48.419324440781104,10.81460301399717
A8,A8_Ost,roadworks,2026-031129--vi-bs.2026-06-22_07-00-00-000.devi-zus.2026-06-22_07-00-00-000_003.de3,A8 | Neusäß - München-Langwied, Stuttgart -> München,SHORT_TERM_ROADWORKS,48.41493283646049,10.863457543562216,False,,,,,"Die Baustelle ist zu folgenden Zeiträumen gültig: Jeden Montag, Dienstag, Mittwoch und Donnerstag zwischen dem 22.06.26 und dem 25.06.26 von 07:00 bis 16:00 Uhr. 26.06.26 von 07:00 bis 13:00 Uhr  A8: Stuttgart -> München, zwischen 1.9 km hinter AS Neusäß und 1.5 km vor AS München-Langwied  Länge: 47.74 km | Maximale Durchfahrtsbreite: 11 m  Aplus A8 West - KW 26 - Allgemeine Befahrung Standspur zur Abnahme und Schadensaufnahme - Sperre Sst.",False,complex,1,SEPARATE|ARROW_UP|ARROW_UP|ARROW_UP|BORDER_RIGHT|CLOSED,48.41493283646049,10.863457543562216,48.20617876583507,11.39443454684311
A8,A8_Ost,roadworks,2026-031133--vi-bs.2026-06-22_11-00-00-000.devi-zus.2026-06-22_07-00-00-000_002.de9,A8 | Neusäß - Adelzhausen, Stuttgart -> München,SHORT_TERM_ROADWORKS,48.41493283646049,10.863457543562216,False,,,,,"Die Baustelle ist zu folgenden Zeiträumen gültig: Jeden Montag, Dienstag und Mittwoch zwischen dem 22.06.26 und dem 24.06.26 von 11:00 bis 18:00 Uhr. 25.06.26 von 11:00 bis 18:00 Uhr 26.06.26 von 11:00 bis 14:00 Uhr  A8: Stuttgart -> München, zwischen 1.9 km hinter AS Neusäß und 6.3 km vor AS Adelzhausen  Länge: 15.94 km | Max. 80 km/h | Maximale Durchfahrtsbreite: 7.5 m  Aplus A8 West - KW 26 - Grasmahd Mittelstreifen",False,complex,1,SEPARATE|CLOSED|ARROW_UP|ARROW_UP|BORDER_RIGHT|BREAKDOWN_LANE,48.41493283646049,10.863457543562216,48.38981562102282,11.072400697606968
A8,A8_Ost,roadworks,2026-031314--vi-bs.2026-06-30_08-00-00-000.devi-zus.2026-06-30_08-00-00-000_003.de1,A8 | Neusäß - Edenbergen, München -> Stuttgart,SHORT_TERM_ROADWORKS,48.41868143116709,10.821290595427069,False,,,,,"Die Baustelle ist zu folgenden Zeiträumen gültig: Jeden Montag, Dienstag, Mittwoch, Donnerstag und Freitag zwischen dem 30.06.26 und dem 09.07.26 von 08:00 bis 18:00 Uhr.  A8: München -> Stuttgart, zwischen 1.3 km hinter AS Neusäß und 0.8 km vor Edenbergen  Länge: 0.5 km | Maximale Durchfahrtsbreite: 9 m  A8 Lärmschutzarbeiten Hirblingen",False,complex,1,SEPARATE|ARROW_UP|ARROW_UP|ARROW_UP|BORDER_RIGHT|CLOSED,48.41868143116709,10.821290595427069,48.419324440781104,10.81460301399717
A8,A8_Ost,roadworks,2026-029618--vi-bs.2026-06-29_07-00-00-000.devi-zus.2026-06-29_07-00-00-000.de13,A8 | Friedberg (Bayern) - Augsburg-West, München -> Stuttgart,SHORT_TERM_ROADWORKS,48.40842449591217,10.929209427155737,False,,,,,"Die Baustelle ist zu folgenden Zeiträumen gültig: 02.07.26 von 07:00 bis 12:00 Uhr  A8: München -> Stuttgart, zwischen 1.9 km hinter AS Friedberg (Bayern) und 2.4 km vor AS Augsburg-West  Länge: 1.98 km | Maximale Durchfahrtsbreite: 7.5 m  Aplus A8 West - Bankettschälarbeiten - KW 27 - Sperre 1.Fs",False,complex,2,SEPARATE|ARROW_UP|ARROW_UP|CLOSED|BORDER_RIGHT|CLOSED,48.40842449591217,10.929209427155737,48.41273086711491,10.90320135817692
A8,A8_Ost,roadworks,2026-029618--vi-bs.2026-06-29_07-00-00-000.devi-zus.2026-06-29_07-00-00-000.de15,A8 | Kirchholz - Dasing, Stuttgart -> München,SHORT_TERM_ROADWORKS,48.4012108577201,10.99009938653416,False,,,,,"Die Baustelle ist zu folgenden Zeiträumen gültig: 02.07.26 von 12:00 bis 17:00 Uhr  A8: Stuttgart -> München, zwischen 0.5 km hinter Kirchholz und 3.1 km vor AS Dasing  Länge: 2.7 km | Maximale Durchfahrtsbreite: 7.5 m  Aplus A8 West - Bankettschälarbeiten - KW 27 - Sperre 1.Fs",False,complex,2,SEPARATE|ARROW_UP|ARROW_UP|CLOSED|BORDER_RIGHT|CLOSED,48.4012108577201,10.99009938653416,48.396858074468376,11.025703573511732
A8,A8_Ost,roadworks,2026-029618--vi-bs.2026-06-29_07-00-00-000.devi-zus.2026-06-29_07-00-00-000.de11,A8 | Kirchholz - Dasing, Stuttgart -> München,SHORT_TERM_ROADWORKS,48.4012108577201,10.99009938653416,False,,,,,"Die Baustelle ist zu folgenden Zeiträumen gültig: 01.07.26 von 12:00 bis 17:00 Uhr  A8: Stuttgart -> München, zwischen 0.5 km hinter Kirchholz und 3.1 km vor AS Dasing  Länge: 2.7 km | Maximale Durchfahrtsbreite: 7.5 m  Aplus A8 West - Bankettschälarbeiten - KW 27 - Sperre 1.Fs",False,complex,2,SEPARATE|ARROW_UP|ARROW_UP|CLOSED|BORDER_RIGHT|CLOSED,48.4012108577201,10.99009938653416,48.396858074468376,11.025703573511732
A8,A8_Ost,roadworks,2026-029618--vi-bs.2026-06-29_07-00-00-000.devi-zus.2026-06-29_07-00-00-000.de7,A8 | Kirchholz - Dasing, Stuttgart -> München,SHORT_TERM_ROADWORKS,48.396532954462984,11.05117648828471,False,,,,,"Die Baustelle ist zu folgenden Zeiträumen gültig: 30.06.26 von 12:00 bis 17:00 Uhr  A8: Stuttgart -> München, zwischen 5.1 km hinter Kirchholz und AS Dasing  Länge: 1.2 km | Maximale Durchfahrtsbreite: 7.5 m  Aplus A8 West - Bankettschälarbeiten - KW 27 - Sperre 1.Fs",False,complex,2,SEPARATE|ARROW_UP|ARROW_UP|CLOSED|BORDER_RIGHT|CLOSED,48.396532954462984,11.05117648828471,48.393337764081515,11.066340654933565
A8,A8_Ost,roadworks,2026-031133--vi-bs.2026-06-22_11-00-00-000.devi-zus.2026-06-22_07-00-00-000_002.de11,A8 | Dasing - Sulzemoos, Stuttgart -> München,SHORT_TERM_ROADWORKS,48.38981562102282,11.072400697606968,False,,,,,"Die Baustelle ist zu folgenden Zeiträumen gültig: Jeden Montag, Dienstag und Mittwoch zwischen dem 22.06.26 und dem 24.06.26 von 11:00 bis 18:00 Uhr. 25.06.26 von 11:00 bis 18:00 Uhr 26.06.26 von 11:00 bis 14:00 Uhr  A8: Stuttgart -> München, zwischen 0.6 km hinter AS Dasing und 0.3 km vor AS Sulzemoos  Länge: 19 km | Max. 80 km/h | Maximale Durchfahrtsbreite: 7.5 m  Aplus A8 West - KW 26 - Grasmahd Mittelstreifen",False,complex,1,SEPARATE|CLOSED|ARROW_UP|ARROW_UP|BORDER_RIGHT|BREAKDOWN_LANE,48.38981562102282,11.072400697606968,48.28226652491114,11.266588482032677
A8,A8_Ost,roadworks,2026-031133--vi-bs.2026-06-22_07-00-00-000.devi-zus.2026-06-22_07-00-00-000_002.de7,A8 | Adelzhausen - Neusäß, München -> Stuttgart,SHORT_TERM_ROADWORKS,48.389927253214765,11.072567472467885,False,,,,,"Die Baustelle ist zu folgenden Zeiträumen gültig: Jeden Montag, Dienstag und Mittwoch zwischen dem 22.06.26 und dem 24.06.26 von 07:00 bis 15:00 Uhr. 25.06.26 von 07:00 bis 15:00 Uhr 26.06.26 von 07:00 bis 14:00 Uhr  A8: München -> Stuttgart, zwischen 6.3 km hinter AS Adelzhausen und 1.9 km vor AS Neusäß  Länge: 15.94 km | Max. 80 km/h | Maximale Durchfahrtsbreite: 7.5 m  Aplus A8 West - KW 26 - Grasmahd Mittelstreifen",False,complex,1,SEPARATE|CLOSED|ARROW_UP|ARROW_UP|BORDER_RIGHT|BREAKDOWN_LANE,48.389927253214765,11.072567472467885,48.415093707861836,10.863515577191047
A8,A8_Ost,roadworks,2026-029618--vi-bs.2026-06-29_07-00-00-000.devi-zus.2026-06-29_07-00-00-000.de9,A8 | Odelzhausen - Adelzhauser Berg, München -> Stuttgart,SHORT_TERM_ROADWORKS,48.32303976046049,11.180620375483683,False,,,,,"Die Baustelle ist zu folgenden Zeiträumen gültig: 01.07.26 von 07:00 bis 12:00 Uhr  A8: München -> Stuttgart, zwischen 2.6 km hinter AS Odelzhausen und 0.8 km vor Adelzhauser Berg  Länge: 2.3 km | Maximale Durchfahrtsbreite: 7.5 m  Aplus A8 West - Bankettschälarbeiten - KW 27 - Sperre 1.Fs",False,complex,2,SEPARATE|ARROW_UP|ARROW_UP|CLOSED|BORDER_RIGHT|CLOSED,48.32303976046049,11.180620375483683,48.33751282149651,11.159023519048091
A8,A8_Ost,roadworks,2026-029618--vi-bs.2026-06-29_07-00-00-000.devi-zus.2026-06-29_07-00-00-000.de5,A8 | Odelzhausen - Adelzhauser Berg, München -> Stuttgart,SHORT_TERM_ROADWORKS,48.32303976046049,11.180620375483683,False,,,,,"Die Baustelle ist zu folgenden Zeiträumen gültig: 30.06.26 von 07:00 bis 12:00 Uhr  A8: München -> Stuttgart, zwischen 2.6 km hinter AS Odelzhausen und 0.8 km vor Adelzhauser Berg  Länge: 2.3 km | Max. 80 km/h | Maximale Durchfahrtsbreite: 7.5 m  Aplus A8 West - Bankettschälarbeiten - KW 27 - Sperre 1.Fs",False,complex,2,SEPARATE|ARROW_UP|ARROW_UP|CLOSED|BORDER_RIGHT|CLOSED,48.32303976046049,11.180620375483683,48.33751282149651,11.159023519048091
A8,A8_Ost,roadworks,2026-031133--vi-bs.2026-06-22_07-00-00-000.devi-zus.2026-06-22_07-00-00-000_002.de5,A8 | Sulzemoos - Dasing, München -> Stuttgart,SHORT_TERM_ROADWORKS,48.28240881776318,11.266690013861151,False,,,,,"Die Baustelle ist zu folgenden Zeiträumen gültig: Jeden Montag, Dienstag und Mittwoch zwischen dem 22.06.26 und dem 24.06.26 von 07:00 bis 15:00 Uhr. 25.06.26 von 07:00 bis 15:00 Uhr 26.06.26 von 07:00 bis 14:00 Uhr  A8: München -> Stuttgart, zwischen 0.3 km hinter AS Sulzemoos und 0.6 km vor AS Dasing  Länge: 18.99 km | Max. 80 km/h | Maximale Durchfahrtsbreite: 7.5 m  Aplus A8 West - KW 26 - Grasmahd Mittelstreifen",False,complex,1,SEPARATE|CLOSED|ARROW_UP|ARROW_UP|BORDER_RIGHT|BREAKDOWN_LANE,48.28240881776318,11.266690013861151,48.389927253214765,11.072567472467885
A8,A8_Ost,roadworks,2026-031133--vi-bs.2026-06-22_11-00-00-000.devi-zus.2026-06-22_07-00-00-000_002.de1,A8 | Sulzemoos - München-Eschenried, Stuttgart -> München,SHORT_TERM_ROADWORKS,48.27964898191396,11.272173163126334,False,,,,,"Die Baustelle ist zu folgenden Zeiträumen gültig: Jeden Montag, Dienstag und Mittwoch zwischen dem 22.06.26 und dem 24.06.26 von 11:00 bis 18:00 Uhr. 25.06.26 von 11:00 bis 18:00 Uhr 26.06.26 von 11:00 bis 14:00 Uhr  A8: Stuttgart -> München, zwischen 0.2 km hinter AS Sulzemoos und 0.2 km vor AD München-Eschenried  Länge: 12 km | Max. 80 km/h | Maximale Durchfahrtsbreite: 7.5 m  Aplus A8 West - KW 26 - Grasmahd Mittelstreifen",False,complex,1,SEPARATE|CLOSED|ARROW_UP|ARROW_UP|BORDER_RIGHT|BREAKDOWN_LANE,48.27964898191396,11.272173163126334,48.2079491957334,11.39146037926583
A8,A8_Ost,roadworks,2026-029618--vi-bs.2026-06-29_07-00-00-000.devi-zus.2026-06-29_07-00-00-000.de3,A8 | Sulzemoos - Adelzhauser Berg, München -> Stuttgart,SHORT_TERM_ROADWORKS,48.28876365422155,11.251987929909088,False,,,,,"Die Baustelle ist zu folgenden Zeiträumen gültig: 29.06.26 von 07:00 bis 12:00 Uhr  A8: München -> Stuttgart, zwischen 1.6 km hinter AS Sulzemoos und 5.7 km vor Adelzhauser Berg  Länge: 4 km | Maximale Durchfahrtsbreite: 7.5 m  Aplus A8 West - Bankettschälarbeiten - KW 27 - Sperre 1.Fs",False,complex,2,SEPARATE|ARROW_UP|ARROW_UP|CLOSED|BORDER_RIGHT|CLOSED,48.28876365422155,11.251987929909088,48.30797001657362,11.207237311292001
A8,A8_Ost,roadworks,2026-029618--vi-bs.2026-06-29_07-00-00-000.devi-zus.2026-06-29_07-00-00-000.de1,A8 | Sulzemoos - Fuchsberg, Stuttgart -> München,SHORT_TERM_ROADWORKS,48.27217777829659,11.28564390879498,False,,,,,"Die Baustelle ist zu folgenden Zeiträumen gültig: 29.06.26 von 12:00 bis 17:00 Uhr  A8: Stuttgart -> München, zwischen 1.5 km hinter AS Sulzemoos und 0.1 km vor Fuchsberg  Länge: 1.8 km | Max. 80 km/h | Maximale Durchfahrtsbreite: 7.5 m  Aplus A8 West - Bankettschälarbeiten - KW 27 - Sperre 1.Fs",False,complex,2,SEPARATE|ARROW_UP|ARROW_UP|CLOSED|BORDER_RIGHT|CLOSED,48.27217777829659,11.28564390879498,48.258901269514226,11.299540166758003
A8,A8_Ost,roadworks,2026-029840--vi-bs.2026-06-22_08-00-00-000.devi-zus.2026-06-22_08-00-00-000_003.de3,A8 | Sulzemoos - Fuchsberg, Stuttgart -> München,SHORT_TERM_ROADWORKS,48.26701672086424,11.291042222239893,False,,,,,"Die Baustelle ist zu folgenden Zeiträumen gültig: 22.06.26 von 08:00 bis 17:00 Uhr  A8: Stuttgart -> München, zwischen 2.2 km hinter AS Sulzemoos und 0.2 km vor Fuchsberg  Länge: 1 km | Maximale Durchfahrtsbreite: 9 m  A8 Anpassung Hinweisbeschilderung für Ladesäulen",False,complex,1,SEPARATE|ARROW_UP|ARROW_UP|ARROW_UP|BORDER_RIGHT|CLOSED,48.26701672086424,11.291042222239893,48.25963572765391,11.298762875958765
A8,A8_Ost,roadworks,2026-029840--vi-bs.2026-06-22_08-00-00-000.devi-zus.2026-06-22_08-00-00-000_003.de1,A8 | Dachau/Fürstenfeldbruck - Fuchsberg, München -> Stuttgart,SHORT_TERM_ROADWORKS,48.25093081833065,11.314023100632678,False,,,,,"Die Baustelle ist zu folgenden Zeiträumen gültig: 22.06.26 von 08:00 bis 17:00 Uhr  A8: München -> Stuttgart, zwischen 3.2 km hinter AS Dachau/Fürstenfeldbruck und 0.3 km vor Fuchsberg  Länge: 1 km | Maximale Durchfahrtsbreite: 9 m  A8 Anpassung Hinweisbeschilderung für Ladesäulen",False,complex,1,SEPARATE|ARROW_UP|ARROW_UP|ARROW_UP|BORDER_RIGHT|CLOSED,48.25093081833065,11.314023100632678,48.256304161001346,11.303244585276483
A8,A8_Ost,roadworks,2026-031133--vi-bs.2026-06-22_07-00-00-000.devi-zus.2026-06-22_07-00-00-000_002.de3,A8 | München-Eschenried - Odelzhausen, München -> Stuttgart,SHORT_TERM_ROADWORKS,48.20806665200738,11.391579765443563,False,,,,,"Die Baustelle ist zu folgenden Zeiträumen gültig: Jeden Montag, Dienstag und Mittwoch zwischen dem 22.06.26 und dem 24.06.26 von 07:00 bis 13:00 Uhr. 25.06.26 von 07:00 bis 13:00 Uhr 26.06.26 von 07:00 bis 13:00 Uhr  A8: München -> Stuttgart, zwischen 0.2 km hinter AD München-Eschenried und 5.3 km vor AS Odelzhausen  Länge: 12.5 km | Max. 80 km/h | Maximale Durchfahrtsbreite: 7.5 m  Aplus A8 West - KW 26 - Grasmahd Mittelstreifen",False,complex,1,SEPARATE|CLOSED|ARROW_UP|ARROW_UP|BORDER_RIGHT|BREAKDOWN_LANE,48.20806665200738,11.391579765443563,48.28240881776318,11.266690013861151
A8,A8_Ost,roadworks,2026-031129--vi-bs.2026-06-22_07-00-00-000.devi-zus.2026-06-22_07-00-00-000_003.de1,A8 | München-Langwied - Neusäß, München -> Stuttgart,SHORT_TERM_ROADWORKS,48.206277266987954,11.394531984608637,False,,,,,"Die Baustelle ist zu folgenden Zeiträumen gültig: Jeden Montag, Dienstag, Mittwoch und Donnerstag zwischen dem 22.06.26 und dem 25.06.26 von 07:00 bis 16:00 Uhr. 26.06.26 von 07:00 bis 13:00 Uhr  A8: München -> Stuttgart, zwischen 1.6 km hinter AS München-Langwied und 1.9 km vor AS Neusäß  Länge: 47.73 km | Maximale Durchfahrtsbreite: 11 m  Aplus A8 West - KW 26 - Allgemeine Befahrung Standspur zur Abnahme und Schadensaufnahme - Sperre Sst.",False,complex,1,SEPARATE|ARROW_UP|ARROW_UP|ARROW_UP|BORDER_RIGHT|CLOSED,48.206277266987954,11.394531984608637,48.415093707861836,10.863515577191047
A8,A8_Ost,roadworks,2025-041538--vi-bs.2025-08-27_00-00-00-000_003.de0,A8 | Eulenauer Filz - Im Moos, München -> Salzburg,ROADWORKS,47.821654019785484,11.977113970798099,True,2025-08-27T00:00:00+02:00,,2025-08-27,2027-07-03,"Zeitraum dieser Bauphase: Beginn: 27.08.25 um 00:00 Uhr Ende: 03.07.27 um 00:00 Uhr (Ende der Gesamtmaßnahme: 03.07.27)  A8: München -> Salzburg, zwischen Eulenauer Filz und 1.4 km vor Im Moos  Länge: konnte nicht ermittelt werden | Maximale Durchfahrtsbreite: 11 m  A8 Parkplatz Eulenauer Filz",False,complex,0,SEPARATE|ARROW_UP|ARROW_UP|ARROW_UP|BREAKDOWN_LANE,47.821654019785484,11.977113970798099,47.82169205653686,11.981611425193025
A8,A8_Ost,roadworks,2025-041540--vi-bs.2025-08-27_00-00-00-000_004.de0,A8 | Im Moos - Eulenauer Filz, Salzburg -> München,ROADWORKS,47.82151750466502,12.000078373367964,True,2025-08-27T00:00:00+02:00,,2025-08-27,2027-07-03,"Zeitraum dieser Bauphase: Beginn: 27.08.25 um 00:00 Uhr Ende: 03.07.27 um 00:00 Uhr (Ende der Gesamtmaßnahme: 03.07.27)  A8: Salzburg -> München, zwischen Im Moos und 1.4 km vor Eulenauer Filz  Länge: konnte nicht ermittelt werden | Maximale Durchfahrtsbreite: 11 m  A8 Parkplatz Im Moos",False,complex,0,SEPARATE|ARROW_UP|ARROW_UP|ARROW_UP|BREAKDOWN_LANE,47.82151750466502,12.000078373367964,47.82179424665691,11.995721112128807
A8,A8_Ost,roadworks,2025-056130--vi-bs.2026-07-01_08-00-00-000.devi-zus.2026-09-21_00-00-00-000.de9,A8 | Rosenheim - Rohrdorf, München -> Salzburg,ROADWORKS,47.80639829309898,12.133330370089304,True,2026-07-01T08:00:00+02:00,,2026-07-01,2026-07-17,"Zeitraum dieser Bauphase: Beginn: 01.07.26 um 08:00 Uhr Ende: 17.07.26 um 06:00 Uhr (Ende der Gesamtmaßnahme: 01.11.26)  A8: München -> Salzburg, zwischen 1.0 km hinter AS Rosenheim und AS Rohrdorf  Länge: 2.25 km | Maximale Durchfahrtsbreite: 3.75 m  A8 Ost Ersatzneubau BW 95 über Rohrdorfer Ache",True,2+0_bidirectional,2,BREAKDOWN_LANE|BORDER_LEFT|ARROW_DOWN|CLOSED|SEPARATE|CLOSED|ARROW_UP|BORDER_RIGHT|BREAKDOWN_LANE,47.80639829309898,12.133330370089304,47.80358222629505,12.163047686877327
A8,A8_Ost,roadworks,2025-056130--vi-bs.2026-07-01_08-00-00-000.devi-zus.2026-09-21_00-00-00-000.de11,A8 | Rohrdorf - Rosenheim, Salzburg -> München,ROADWORKS,47.80369294809058,12.163081188961122,True,2026-07-01T08:00:00+02:00,,2026-07-01,2026-07-17,"Zeitraum dieser Bauphase: Beginn: 01.07.26 um 08:00 Uhr Ende: 17.07.26 um 06:00 Uhr (Ende der Gesamtmaßnahme: 01.11.26)  A8: Salzburg -> München, zwischen AS Rohrdorf und 1.0 km vor AS Rosenheim  Länge: 2.25 km | Maximale Durchfahrtsbreite: 3.75 m  A8 Ost Ersatzneubau BW 95 über Rohrdorfer Ache",True,2+0_bidirectional,2,BREAKDOWN_LANE|BORDER_LEFT|ARROW_DOWN|CLOSED|SEPARATE|CLOSED|ARROW_UP|BORDER_RIGHT|BREAKDOWN_LANE,47.80369294809058,12.163081188961122,47.8065477553273,12.133363926065595
A8,A8_Ost,roadworks,2024-046866--vi-bs.2026-05-09_06-00-00-000.devi-zus.2025-05-26_06-00-00-000.f.de17,A8 | Prien - Bernau am Chiemsee, München -> Salzburg,ROADWORKS,47.80272281074104,12.304875105603388,True,2026-05-09T06:00:00+02:00,,2026-05-09,2026-07-13,"Zeitraum dieser Bauphase: Beginn: 09.05.26 um 06:00 Uhr Ende: 13.07.26 um 06:00 Uhr (Ende der Gesamtmaßnahme: 06.11.26)  A8: München -> Salzburg, zwischen 0.3 km hinter Prien und 2.7 km vor AS Bernau am Chiemsee  Länge: 2 km | Max. 80 km/h | Maximale Durchfahrtsbreite: 7.2 m  A8 Ost Ersatzneubau BW 119",False,normal,0,BREAKDOWN_LANE|BORDER_LEFT|ARROW_DOWN|ARROW_DOWN|SEPARATE|ARROW_UP|ARROW_UP|BORDER_RIGHT|BREAKDOWN_LANE,47.80272281074104,12.304875105603388,47.8058059726297,12.330561555185993
A8,A8_Ost,roadworks,2024-046866--vi-bs.2026-05-09_06-00-00-000.devi-zus.2025-05-26_06-00-00-000.f.de19,A8 | Bernau am Chiemsee - Prien, Salzburg -> München,ROADWORKS,47.80591740260442,12.330508977013254,True,2026-05-09T06:00:00+02:00,,2026-05-09,2026-07-13,"Zeitraum dieser Bauphase: Beginn: 09.05.26 um 06:00 Uhr Ende: 13.07.26 um 06:00 Uhr (Ende der Gesamtmaßnahme: 06.11.26)  A8: Salzburg -> München, zwischen 2.7 km hinter AS Bernau am Chiemsee und 0.3 km vor Prien  Länge: 2 km | Max. 80 km/h | Maximale Durchfahrtsbreite: 7.3 m  A8 Ost Ersatzneubau BW 119",False,normal,0,BREAKDOWN_LANE|BORDER_LEFT|ARROW_DOWN|ARROW_DOWN|SEPARATE|ARROW_UP|ARROW_UP|BORDER_RIGHT|BREAKDOWN_LANE,47.80591740260442,12.330508977013254,47.80282467445366,12.304929763811971
A8,A8_Ost,roadworks,2023-000999--vi-bs.2026-03-21_05-00-00-000.devi-zus.2025-04-28_00-00-00-000_002.de23,A8 | Übersee - Grabenstätt, München -> Salzburg,ROADWORKS,47.83494410760432,12.501317186912562,True,2026-03-21T05:00:00+01:00,,2026-03-21,2026-10-30,"Zeitraum dieser Bauphase: Beginn: 21.03.26 um 05:00 Uhr Ende: 30.10.26 um 20:00 Uhr (Ende der Gesamtmaßnahme: 30.10.26)  A8: München -> Salzburg, zwischen 0.9 km hinter AS Übersee und 0.1 km vor AS Grabenstätt  Länge: 1.6 km | Maximale Durchfahrtsbreite: 6.25 m  A8 Ost BW 148 Tiroler Ache",True,2+0_bidirectional,2,ARROW_DOWN|BORDER_LEFT|ARROW_DOWN|CLOSED|SEPARATE|CLOSED|ARROW_UP|BORDER_RIGHT|ARROW_UP,47.83494410760432,12.501317186912562,47.83033054080286,12.521552267918638
A8,A8_Ost,roadworks,2023-000999--vi-bs.2026-03-21_05-00-00-000.devi-zus.2025-04-28_00-00-00-000_002.de25,A8 | Grabenstätt - Übersee, Salzburg -> München,ROADWORKS,47.83043773444799,12.521590213670516,True,2026-03-21T05:00:00+01:00,,2026-03-21,2026-10-30,"Zeitraum dieser Bauphase: Beginn: 21.03.26 um 05:00 Uhr Ende: 30.10.26 um 20:00 Uhr (Ende der Gesamtmaßnahme: 30.10.26)  A8: Salzburg -> München, zwischen 0.1 km hinter AS Grabenstätt und 0.9 km vor AS Übersee  Länge: 1.6 km | Maximale Durchfahrtsbreite: 6.25 m  A8 Ost BW 148 Tiroler Ache",True,2+0_bidirectional,2,ARROW_DOWN|BORDER_LEFT|ARROW_DOWN|CLOSED|SEPARATE|CLOSED|ARROW_UP|BORDER_RIGHT|ARROW_UP,47.83043773444799,12.521590213670516,47.835062347349464,12.501381095217958
A8,A8_Ost,roadworks,2024-046722--vi-bs.2026-06-08_06-00-00-000.devi-zus.2025-09-15_06-00-00-000.f.de1,A8 | Bad Reichenhall - Schwarzbach, München -> Salzburg,ROADWORKS,47.76601016722025,12.90772483941626,True,2026-06-08T06:00:00+02:00,,2026-06-08,2026-08-28,"Zeitraum dieser Bauphase: Beginn: 08.06.26 um 06:00 Uhr Ende: 28.08.26 um 20:00 Uhr (Ende der Gesamtmaßnahme: 28.08.26)  A8: München -> Salzburg, zwischen 0.2 km hinter AS Bad Reichenhall und 2.3 km vor Schwarzbach  Länge: 0.2 km | Max. 80 km/h | Maximale Durchfahrtsbreite: 5.85 m  A8 Ost Sickerschacht bei Piding",False,complex,0,SEPARATE|ARROW_UP|ARROW_UP|BORDER_RIGHT|BREAKDOWN_LANE,47.76601016722025,12.90772483941626,47.76602119261484,12.910418091286715
A8,A8_Ost,roadworks,2025-037105--vi-bs.2026-06-09_20-00-00-000.devi-zus.2025-07-31_00-00-00-000_002.de5,Aplus A8 West - KW 31 - Aufbau Verkehrszeichen AS A.-West Stg. - U2024_254, AS Augsburg-West (aus Richtung Augsburg),ROADWORKS,48.414661578486516,10.877071235533558,False,2026-06-09T20:00:00+02:00,,2026-06-09,2026-09-01,Zeitraum dieser Bauphase: Beginn: 09.06.26 um 20:00 Uhr Ende: 01.09.26 um 00:00 Uhr (Ende der Gesamtmaßnahme: 01.09.26)  Abfahrt von der A8: AS Augsburg-West (aus Richtung Augsburg)  Länge: 0.01 km | Maximale Durchfahrtsbreite: 6 m  Aplus A8 West - KW 31 - Aufbau Verkehrszeichen AS A.-West Stg. - U2024_254,False,complex,0,SEPARATE|ARROW_UP|ARROW_UP|BORDER_RIGHT|BREAKDOWN_LANE,48.414661578486516,10.877071235533558,48.414672534940834,10.876937134383963
A8,A8_Ost,roadworks,2026-009136--vi-fbm.2026-06-08_00-00-00-000.devi-zus.2026-05-26_00-00-00-000.de3,"A8 AS Walshausen Sperrung der Auf- und Abfahrt, FR LUX, wg. Sanierung L477", AS Walshausen (aus Richtung Walshausen),ROADWORKS,49.21987112567405,7.467633945751556,False,2026-06-08T00:00:00+02:00,,2026-06-08,2026-06-27,"Zeitraum dieser Bauphase: Beginn: 08.06.26 um 00:00 Uhr Ende: 27.06.26 um 00:00 Uhr (Ende der Gesamtmaßnahme: 27.06.26)  Auffahrt auf die A8: AS Walshausen (aus Richtung Walshausen)  Länge: 0.09 km | Maximale Durchfahrtsbreite: 6.5 m  A8 AS Walshausen Sperrung der Auf- und Abfahrt, FR LUX, wg. Sanierung L477",False,complex,1,SEPARATE|ARROW_UP|ARROW_UP|CLOSED,49.21987112567405,7.467633945751556,49.219349164092925,7.466719723452678
A8,A8_Ost,roadworks,2026-009136--vi-fbm.2026-06-08_00-00-00-000.devi-zus.2026-05-26_00-00-00-000.de1,"A8 AS Walshausen Sperrung der Auf- und Abfahrt, FR LUX, wg. Sanierung L477", Karlsruhe -> Neunkirchen,ROADWORKS,49.2196918694712,7.470114485856422,False,2026-06-08T00:00:00+02:00,,2026-06-08,2026-06-27,"Zeitraum dieser Bauphase: Beginn: 08.06.26 um 00:00 Uhr Ende: 27.06.26 um 00:00 Uhr (Ende der Gesamtmaßnahme: 27.06.26)  Von A8: Karlsruhe -> Neunkirchen, zwischen 2.1 km hinter Walshausen und AS Contwig nach Abfahrt von der A8: AS Walshausen (aus Richtung Walshausen)  Länge: 0.17 km | Maximale Durchfahrtsbreite: 6.5 m  A8 AS Walshausen Sperrung der Auf- und Abfahrt, FR LUX, wg. Sanierung L477",False,complex,1,SEPARATE|ARROW_UP|ARROW_UP|CLOSED,49.2196918694712,7.470114485856422,49.21982042713499,7.467909592645759
A8,A8_Ost,roadworks,2025-048807--vi-bs.2026-06-08_00-00-00-000.devi-bs.2026-05-01_00-00-00-000.de1,Aplus A8 West - Sanierung Unfallschaden Kragarm GVZ AK A.-West Stg., München -> Stuttgart,ROADWORKS,48.41446807096893,10.881544320924553,False,2026-06-08T00:00:00+02:00,,2026-06-08,2026-08-01,"Zeitraum dieser Bauphase: Beginn: 08.06.26 um 00:00 Uhr Ende: 01.08.26 um 00:00 Uhr (Ende der Gesamtmaßnahme: 01.08.26)  Von A8: München -> Stuttgart, zwischen 2.5 km hinter Augsburg und AS Augsburg-West nach Abfahrt von der A8: AS Augsburg-West (aus Richtung Augsburg)  Länge: 0.4 km | Maximale Durchfahrtsbreite: 3.25 m  Aplus A8 West - Sanierung Unfallschaden Kragarm GVZ AK A.-West Stg.",False,complex,0,SEPARATE|ARROW_UP|ARROW_UP,48.41446807096893,10.881544320924553,48.41472282941191,10.876157515339036
A8,A8_Ost,roadworks,2026-028618--vi-fbm.2026-06-15_00-00-00-000.de0,A8 Änderung Verkehrsführung KVP L127 Merchweiler, AS Merchweiler (aus Richtung Saarbrücken),ROADWORKS,49.340574379368256,7.049323690222887,False,2026-06-15T00:00:00+02:00,,2026-06-15,2027-07-01,Zeitraum dieser Bauphase: Beginn: 15.06.26 um 00:00 Uhr Ende: 01.07.27 um 00:00 Uhr (Ende der Gesamtmaßnahme: 01.07.27)  Abfahrt von der A8: AS Merchweiler (aus Richtung Saarbrücken)  Länge: 0.02 km | Maximale Durchfahrtsbreite: 3.25 m  A8 Änderung Verkehrsführung KVP L127 Merchweiler,False,complex,0,SEPARATE|ARROW_UP|BORDER_RIGHT|BREAKDOWN_LANE,49.340574379368256,7.049323690222887,49.340456416787745,7.049080662408127
A8,A8_Ost,roadworks,2026-025009--vi-bs.2026-05-28_07-00-00-000.devi-zus.2026-05-20_00-00-00-000.de3,A8 Zuwegung Bodenlager,,ROADWORKS,48.66982161164826,9.35336376770529,False,2026-05-28T07:00:00+02:00,,2026-05-28,2026-07-31,Zeitraum dieser Bauphase: Beginn: 28.05.26 um 07:00 Uhr Ende: 31.07.26 um 15:00 Uhr (Ende der Gesamtmaßnahme: 31.07.26)  Abfahrt von der B313  Länge: 0.15 km | Max. 60 km/h | Maximale Durchfahrtsbreite: 4.5 m  A8 Zuwegung Bodenlager,False,complex,0,SEPARATE|ARROW_UP,48.66982161164826,9.35336376770529,48.6710937798478,9.353282057170496
A8,A8_Ost,roadworks,2025-063400--vi-bs.2026-01-16_05-00-00-000.devi-zus.2021-09-27_00-00-00-000_003.de63,A8 Neubau Enztalquerung bei Pforzheim-Ost , AS Pforzheim-Nord (aus Richtung Am Waisenrain),ROADWORKS,48.91672126089907,8.720450355387538,False,2026-01-16T05:00:00+01:00,,2026-01-16,2027-07-01,Zeitraum dieser Bauphase: Beginn: 16.01.26 um 05:00 Uhr Ende: 01.07.27 um 00:00 Uhr (Ende der Gesamtmaßnahme: 01.01.28)  Auffahrt auf die A8: AS Pforzheim-Nord (aus Richtung Am Waisenrain)  Länge: 0.06 km | Maximale Durchfahrtsbreite: 4.5 m  A8 Neubau Enztalquerung bei Pforzheim-Ost ,False,complex,0,SEPARATE|ARROW_UP,48.91672126089907,8.720450355387538,48.91708911195315,8.72099483078354
A8,A8_Ost,roadworks,2025-063400--vi-bs.2026-01-16_05-00-00-000.devi-zus.2021-09-27_00-00-00-000_003.de61,A8 Neubau Enztalquerung bei Pforzheim-Ost , Karlsruhe -> Stuttgart,ROADWORKS,48.91657087035611,8.718789466967145,False,2026-01-16T05:00:00+01:00,,2026-01-16,2027-07-01,"Zeitraum dieser Bauphase: Beginn: 16.01.26 um 05:00 Uhr Ende: 01.07.27 um 00:00 Uhr (Ende der Gesamtmaßnahme: 01.01.28)  Von A8: Karlsruhe -> Stuttgart, zwischen 0.1 km hinter AS Pforzheim-Nord und AS Pforzheim-Ost nach Abfahrt von der A8: AS Pforzheim-Nord (aus Richtung Am Waisenrain)  Länge: 0.12 km | Maximale Durchfahrtsbreite: 4.5 m  A8 Neubau Enztalquerung bei Pforzheim-Ost ",False,complex,0,SEPARATE|ARROW_UP,48.91657087035611,8.718789466967145,48.916180307812326,8.720127260396579
A8,A8_Ost,roadworks,2025-063400--vi-bs.2026-01-16_05-00-00-000.devi-zus.2021-09-27_00-00-00-000_003.de57,A8 Neubau Enztalquerung bei Pforzheim-Ost , AS Pforzheim-Ost (aus Richtung Pforzheim-Nord) nach A8,ROADWORKS,48.9133844736451,8.76439195792071,False,2026-01-16T05:00:00+01:00,,2026-01-16,2027-07-01,"Zeitraum dieser Bauphase: Beginn: 16.01.26 um 05:00 Uhr Ende: 01.07.27 um 00:00 Uhr (Ende der Gesamtmaßnahme: 01.01.28)  Von Auffahrt auf die A8: AS Pforzheim-Ost (aus Richtung Pforzheim-Nord) nach A8: Karlsruhe -> Stuttgart, zwischen AS Pforzheim-Nord und AS Pforzheim-Ost  Länge: 0.26 km | Maximale Durchfahrtsbreite: 4.5 m  A8 Neubau Enztalquerung bei Pforzheim-Ost ",False,complex,0,SEPARATE|ARROW_UP,48.9133844736451,8.76439195792071,48.913982161285865,8.765100352856365
A8,A8_Ost,roadworks,2025-063400--vi-bs.2026-01-16_05-00-00-000.devi-zus.2021-09-27_00-00-00-000_003.de55,A8 Neubau Enztalquerung bei Pforzheim-Ost , Karlsruhe -> Stuttgart,ROADWORKS,48.91583718544526,8.76290097790655,False,2026-01-16T05:00:00+01:00,,2026-01-16,2027-07-01,"Zeitraum dieser Bauphase: Beginn: 16.01.26 um 05:00 Uhr Ende: 01.07.27 um 00:00 Uhr (Ende der Gesamtmaßnahme: 01.01.28)  Von A8: Karlsruhe -> Stuttgart, zwischen 3.9 km hinter AS Pforzheim-Nord und AS Pforzheim-Ost nach Abfahrt von der A8: AS Pforzheim-Ost (aus Richtung Pforzheim-Nord)  Länge: 0.29 km | Maximale Durchfahrtsbreite: 4.5 m  A8 Neubau Enztalquerung bei Pforzheim-Ost ",False,complex,0,SEPARATE|ARROW_UP,48.91583718544526,8.76290097790655,48.91344095091488,8.76418716052907
A8,A8_Ost,roadworks,2026-026749--vi-bs.2026-06-13_05-00-00-000.devi-zus.2026-06-10_20-00-00-000_003.de3,"A8 Ausbau Gruibingen-Mühlhausen, Wirtschaftsweganbindung, Herstellung bzw. Rückbau Baustellenzufahrt", AS Mühlhausen (aus Richtung Lämmerbuckeltunnel),ROADWORKS,48.582776451916274,9.662068120121507,False,2026-06-13T05:00:00+02:00,,2026-06-13,2026-09-30,"Zeitraum dieser Bauphase: Beginn: 13.06.26 um 05:00 Uhr Ende: 30.09.26 um 20:00 Uhr (Ende der Gesamtmaßnahme: 03.10.26)  Auffahrt auf die A8: AS Mühlhausen (aus Richtung Lämmerbuckeltunnel)  Länge: 0.46 km | Maximale Durchfahrtsbreite: 3.25 m  A8 Ausbau Gruibingen-Mühlhausen, Wirtschaftsweganbindung, Herstellung bzw. Rückbau Baustellenzufahrt",False,complex,0,SEPARATE|ARROW_UP,48.582776451916274,9.662068120121507,48.58417371153176,9.662787391488619
A93,A93_Sued,roadworks,2026-031043--vi-bs.2026-06-18_00-00-00-000.de0,A93 | Kirnstein - Wildbarren, Rosenheim -> Kiefersfelden,ROADWORKS,47.69776096272948,12.16148246493144,True,2026-06-18T00:00:00+02:00,,2026-06-18,2026-06-27,"Zeitraum dieser Bauphase: Beginn: 18.06.26 um 00:00 Uhr Ende: 27.06.26 um 00:00 Uhr (Ende der Gesamtmaßnahme: 27.06.26)  A93: Rosenheim -> Kiefersfelden, zwischen 0.5 km hinter Kirnstein und 0.3 km vor Wildbarren  Länge: 1 km | Max. 80 km/h | Maximale Durchfahrtsbreite: 6.5 m  A93 von Kirnstein (Parkplatz) nach Wildbarren (Parkplatz) Akute Verkehrsgefährdung",False,complex,1,SEPARATE|ARROW_UP|ARROW_UP|BORDER_RIGHT|CLOSED,47.69776096272948,12.16148246493144,47.68888798867775,12.163554982438022
A93,A93_Sued,roadworks,2026-030471--vi-bs.2026-06-22_08-00-00-000_010.de0,A93 | Heuberg - Kiefersfelden, Rosenheim -> Kiefersfelden,SHORT_TERM_ROADWORKS,47.72090490741442,12.141332856221148,True,,,,,"Die Baustelle ist zu folgenden Zeiträumen gültig: 22.06.26 von 08:00 bis 17:00 Uhr 23.06.26 von 08:00 bis 17:00 Uhr 24.06.26 von 08:00 bis 17:00 Uhr 25.06.26 von 08:00 bis 17:00 Uhr 26.06.26 von 08:00 bis 12:00 Uhr 29.06.26 von 08:00 bis 17:00 Uhr 30.06.26 von 08:00 bis 17:00 Uhr 01.07.26 von 08:00 bis 17:00 Uhr 02.07.26 von 08:00 bis 17:00 Uhr 03.07.26 von 08:00 bis 12:00 Uhr  A93: Rosenheim -> Kiefersfelden, zwischen 1.4 km hinter Heuberg und 0.7 km vor AS Kiefersfelden  Länge: 11.8 km | Max. ",False,complex,1,SEPARATE|ARROW_UP|CLOSED|BORDER_RIGHT|BREAKDOWN_LANE,47.72090490741442,12.141332856221148,47.624652154827466,12.20144950838193
A93,A93_Sued,roadworks,2026-010459--vi-bs.2026-04-18_23-00-00-000.devi-zus.2026-04-07_00-00-00-000_002.de3,A93 | Reischenhart - Nicklheim, Kiefersfelden -> Rosenheim,ROADWORKS,47.76197168073379,12.105438021357246,True,2026-04-18T23:00:00+02:00,,2026-04-18,2026-09-14,"Zeitraum dieser Bauphase: Beginn: 18.04.26 um 23:00 Uhr Ende: 14.09.26 um 00:00 Uhr (Ende der Gesamtmaßnahme: 14.09.26)  A93: Kiefersfelden -> Rosenheim, zwischen 0.1 km hinter AS Reischenhart und 1.6 km vor Nicklheim  Länge: 0.73 km | Maximale Durchfahrtsbreite: 5.2 m  A93 Süd DB EÜ Reischenhart BW19 Korrosionsschutz",True,2+0_bidirectional,3,ARROW_DOWN|BORDER_LEFT|ARROW_DOWN|SEPARATE|ARROW_UP|ARROW_UP|SEPARATE|CLOSED|CLOSED|BORDER_RIGHT|CLOSED,47.76197168073379,12.105438021357246,47.76756971706358,12.100388387685186
A93,A93_Sued,roadworks,2026-010459--vi-bs.2026-04-18_23-00-00-000.devi-zus.2026-04-07_00-00-00-000_002.de1,A93 | Nicklheim - Reischenhart, Rosenheim -> Kiefersfelden,ROADWORKS,47.76751853774446,12.100240369526036,True,2026-04-18T23:00:00+02:00,,2026-04-18,2026-09-14,"Zeitraum dieser Bauphase: Beginn: 18.04.26 um 23:00 Uhr Ende: 14.09.26 um 00:00 Uhr (Ende der Gesamtmaßnahme: 14.09.26)  A93: Rosenheim -> Kiefersfelden, zwischen 1.6 km hinter Nicklheim und 0.1 km vor AS Reischenhart  Länge: 0.73 km | Max. 60 km/h | Maximale Durchfahrtsbreite: 5.2 m  A93 Süd DB EÜ Reischenhart BW19 Korrosionsschutz",True,2+0_bidirectional,3,CLOSED|BORDER_LEFT|CLOSED|CLOSED|SEPARATE|ARROW_DOWN|ARROW_DOWN|SEPARATE|ARROW_UP|BORDER_RIGHT|ARROW_UP,47.76751853774446,12.100240369526036,47.76191247887842,12.105308750910043
A93,A93_Sued,roadworks,2025-050891--vi-fbm.2026-06-22_00-00-00-000.devi-zus.2026-04-13_00-00-00-000_011.de5,A93 | Großmuß - Saalhaupt, Holledau -> Regensburg,ROADWORKS,48.85132261342945,12.010198633527796,False,2026-06-22T00:00:00+02:00,,2026-06-22,2026-07-31,"Zeitraum dieser Bauphase: Beginn: 22.06.26 um 00:00 Uhr Ende: 31.07.26 um 00:00 Uhr (Ende der Gesamtmaßnahme: 31.07.26)  A93: Holledau -> Regensburg, zwischen 3.5 km hinter Großmuß und 5.6 km vor AD Saalhaupt  Länge: 1 km | Maximale Durchfahrtsbreite: 5.7 m  A93 Sperrung AS Hausen",False,complex,1,SEPARATE|ARROW_UP|ARROW_UP|BORDER_RIGHT|CLOSED,48.85132261342945,12.010198633527796,48.85956866166283,12.015372624722435
A93,A93_Sued,roadworks,2026-010308--vi-fbm.2026-06-19_09-00-00-000.devi-zus.2026-06-19_19-00-00-000.de3,A93 | Bad Abbach - Hausen, Regensburg -> Holledau,ROADWORKS,48.8998530254088,12.079701907619054,False,2026-06-19T09:00:00+02:00,,2026-06-19,2026-06-22,"Zeitraum dieser Bauphase: Beginn: 19.06.26 um 09:00 Uhr Ende: 22.06.26 um 06:00 Uhr (Ende der Gesamtmaßnahme: 22.06.26)  A93: Regensburg -> Holledau, zwischen 4.0 km hinter AS Bad Abbach und 6.2 km vor AS Hausen  Länge: 1.25 km | Maximale Durchfahrtsbreite: 3 m  A93 Sperrung AS Dreieck Saalhaupt",False,complex,2,SEPARATE|ARROW_UP|CLOSED|BORDER_RIGHT|CLOSED,48.8998530254088,12.079701907619054,48.88935065786035,12.07420784191364
A93,A93_Sued,roadworks,2025-063334--vi-bs.2026-06-24_00-00-00-000.devi-zus.2026-04-13_00-00-00-000_014.de77,A93 | Regensburg-Kumpfmühl - Regensburg-Königswiesen, Holledau -> Regensburg,ROADWORKS,49.0025237206469,12.062643445626165,False,2026-06-24T00:00:00+02:00,,2026-06-24,2026-07-11,"Zeitraum dieser Bauphase: Beginn: 24.06.26 um 00:00 Uhr Ende: 11.07.26 um 00:00 Uhr (Ende der Gesamtmaßnahme: 24.11.26)  A93: Holledau -> Regensburg, zwischen 0.2 km hinter AS Regensburg-Kumpfmühl und 0.5 km vor AS Regensburg-Königswiesen  Länge: 0.41 km | Maximale Durchfahrtsbreite: 5.35 m  A3 Erneuerung BW 50 Vorarbeiten",False,complex,1,SEPARATE|ARROW_UP|ARROW_UP|BORDER_RIGHT|CLOSED,49.0025237206469,12.062643445626165,49.00604665789657,12.061025755003909
A93,A93_Sued,roadworks,2026-030812--vi-bs.2026-06-22_19-00-00-000_014.de0,A93 | Regensburg-Nord - Regenstauf, Holledau -> Weiden,SHORT_TERM_ROADWORKS,49.064507247079085,12.09204413738462,False,,,,,"Die Baustelle ist zu folgenden Zeiträumen gültig: 22.06.26 19:00 bis zum 23.06.26 06:00 Uhr. 23.06.26 19:00 bis zum 24.06.26 06:00 Uhr. 24.06.26 19:00 bis zum 25.06.26 06:00 Uhr. 25.06.26 19:00 bis zum 26.06.26 06:00 Uhr.  A93: Holledau -> Weiden, zwischen 2.3 km hinter AS Regensburg-Nord und 2.5 km vor AS Regenstauf  Länge: 4.01 km | Max. 80 km/h | Maximale Durchfahrtsbreite: 4.5 m  A93 von Benhof (Parkplatz) nach Regensburg-Pfaffenstein (AS) Entwässerungsarbeiten",False,complex,2,SEPARATE|ARROW_UP|CLOSED|BORDER_RIGHT|CLOSED,49.064507247079085,12.09204413738462,49.098154823220355,12.093047605117235
A93,A93_Sued,roadworks,2026-030835--vi-bs.2026-06-22_20-00-00-000.devi-zus.2026-06-22_20-00-00-000_002.de1,A93 | Regenstauf - Harberhof Ost, Regensburg -> Weiden,SHORT_TERM_ROADWORKS,49.1231512105118,12.107963197941029,False,,,,,"Die Baustelle ist zu folgenden Zeiträumen gültig: 22.06.26 20:00 bis zum 23.06.26 06:00 Uhr. 23.06.26 20:00 bis zum 24.06.26 06:00 Uhr. 24.06.26 20:00 bis zum 25.06.26 06:00 Uhr. 25.06.26 20:00 bis zum 26.06.26 06:00 Uhr.  A93: Regensburg -> Weiden, zwischen 0.5 km hinter AS Regenstauf und 1.4 km vor Harberhof Ost  Länge: 4 km | Max. 80 km/h | Maximale Durchfahrtsbreite: 5.5 m  A93 von Regenstauf (AS) nach Harberhof Ost (Parkplatz) Arbeiten an Schutzeinrichtungen",True,2+0_bidirectional,2,BREAKDOWN_LANE|BORDER_LEFT|ARROW_DOWN|CLOSED|SEPARATE|CLOSED|ARROW_UP|BORDER_RIGHT|BREAKDOWN_LANE,49.1231512105118,12.107963197941029,49.15791028726485,12.111335962352605
A93,A93_Sued,roadworks,2026-031269--vi-bs.2026-06-23_19-00-00-000.devi-bs.2026-06-23_19-00-00-000_007.de3,A93 | Regenstauf - Regensburg-Nord, Weiden -> Holledau,SHORT_TERM_ROADWORKS,49.10647314027125,12.097823124024885,False,,,,,"Die Baustelle ist zu folgenden Zeiträumen gültig: 23.06.26 von 21:30 bis 24:00 Uhr  A93: Weiden -> Holledau, zwischen 1.5 km hinter AS Regenstauf und 3.3 km vor AS Regensburg-Nord  Länge: 4.01 km | Max. 80 km/h | Maximale Durchfahrtsbreite: 3.5 m  A93 von Regenstauf (AS) nach Regensburg-Nord (AS) Sonstiges",False,complex,2,SEPARATE|ARROW_UP|CLOSED|BORDER_RIGHT|CLOSED,49.10647314027125,12.097823124024885,49.0728239093596,12.096592651621435
A93,A93_Sued,roadworks,2026-031269--vi-bs.2026-06-23_19-00-00-000.devi-bs.2026-06-23_19-00-00-000_007.de1,A93 | Regenstauf - Regensburg-Nord, Weiden -> Holledau,SHORT_TERM_ROADWORKS,49.10647314027125,12.097823124024885,False,,,,,"Die Baustelle ist zu folgenden Zeiträumen gültig: 23.06.26 von 19:00 bis 21:30 Uhr  A93: Weiden -> Holledau, zwischen 1.5 km hinter AS Regenstauf und 3.3 km vor AS Regensburg-Nord  Länge: 4.01 km | Max. 80 km/h | Maximale Durchfahrtsbreite: 4.5 m  A93 von Regenstauf (AS) nach Regensburg-Nord (AS) Sonstiges",False,complex,1,SEPARATE|CLOSED|ARROW_UP|BORDER_RIGHT|BREAKDOWN_LANE,49.10647314027125,12.097823124024885,49.0728239093596,12.096592651621435
A93,A93_Sued,roadworks,2026-030835--vi-bs.2026-06-22_20-00-00-000.devi-zus.2026-06-22_20-00-00-000_002.de3,A93 | Harberhof Ost - Regenstauf, Weiden -> Regensburg,SHORT_TERM_ROADWORKS,49.1579540214952,12.111198435895862,False,,,,,"Die Baustelle ist zu folgenden Zeiträumen gültig: 22.06.26 20:00 bis zum 23.06.26 06:00 Uhr. 23.06.26 20:00 bis zum 24.06.26 06:00 Uhr. 24.06.26 20:00 bis zum 25.06.26 06:00 Uhr. 25.06.26 20:00 bis zum 26.06.26 06:00 Uhr.  A93: Weiden -> Regensburg, zwischen 1.4 km hinter Harberhof Ost und 0.5 km vor AS Regenstauf  Länge: 4 km | Max. 80 km/h | Maximale Durchfahrtsbreite: 5.5 m  A93 von Regenstauf (AS) nach Harberhof Ost (Parkplatz) Arbeiten an Schutzeinrichtungen",True,2+0_bidirectional,2,BREAKDOWN_LANE|BORDER_LEFT|ARROW_DOWN|CLOSED|SEPARATE|CLOSED|ARROW_UP|BORDER_RIGHT|BREAKDOWN_LANE,49.1579540214952,12.111198435895862,49.12317719008264,12.107796485940097
A93,A93_Sued,roadworks,2025-050334--vi-bs.2026-06-08_00-00-00-000.devi-zus.2026-06-29_00-00-00-000.de3,A93 | Kronstetten - Schwarzenfeld, Regensburg -> Weiden,ROADWORKS,49.33460246788209,12.151170017872142,False,2026-06-08T00:00:00+02:00,,2026-06-08,2026-12-01,"Zeitraum dieser Bauphase: Beginn: 08.06.26 um 00:00 Uhr Ende: 01.12.26 um 00:00 Uhr (Ende der Gesamtmaßnahme: 01.12.26)  A93: Regensburg -> Weiden, zwischen 0.4 km hinter Kronstetten und 0.8 km vor AS Schwarzenfeld  Länge: 5.2 km | Maximale Durchfahrtsbreite: 5.5 m  A93 Erneuerung an der Decke D153",True,2+0_bidirectional,2,CLOSED|BORDER_LEFT|CLOSED|ARROW_DOWN|SEPARATE|ARROW_DOWN|SEPARATE|ARROW_UP|BORDER_RIGHT|ARROW_UP,49.33460246788209,12.151170017872142,49.38100936059608,12.149520903541948
A93,A93_Sued,roadworks,2025-050334--vi-bs.2026-06-08_00-00-00-000.devi-zus.2026-06-29_00-00-00-000.de1,A93 | Schwarzenfeld - Kronstetten, Weiden -> Regensburg,ROADWORKS,49.380976008946824,12.149346306704652,False,2026-06-08T00:00:00+02:00,,2026-06-08,2026-12-01,"Zeitraum dieser Bauphase: Beginn: 08.06.26 um 00:00 Uhr Ende: 01.12.26 um 00:00 Uhr (Ende der Gesamtmaßnahme: 01.12.26)  A93: Weiden -> Regensburg, zwischen 0.8 km hinter AS Schwarzenfeld und 0.4 km vor Kronstetten  Länge: 5.2 km | Maximale Durchfahrtsbreite: 3.5 m  A93 Erneuerung an der Decke D153",True,2+0_bidirectional,2,ARROW_DOWN|BORDER_LEFT|ARROW_DOWN|SEPARATE|ARROW_UP|SEPARATE|ARROW_UP|CLOSED|BORDER_RIGHT|CLOSED,49.380976008946824,12.149346306704652,49.33458066194903,12.150994086530156
A93,A93_Sued,roadworks,2025-050324--vi-bs.2026-03-10_00-00-00-000.devi-zus.2026-02-02_00-00-00-000_001.de7,A93 | Schwarzenfeld - Schloßberg, Regensburg -> Weiden,ROADWORKS,49.44482458713037,12.189344976520482,False,2026-03-10T00:00:00+01:00,,2026-03-10,2027-03-01,"Zeitraum dieser Bauphase: Beginn: 10.03.26 um 00:00 Uhr Ende: 01.03.27 um 00:00 Uhr (Ende der Gesamtmaßnahme: 01.03.27)  A93: Regensburg -> Weiden, zwischen 7.1 km hinter AS Schwarzenfeld und 2.1 km vor Schloßberg  Länge: 1.4 km | Max. 100 km/h | Maximale Durchfahrtsbreite: 5.5 m  A93 Brückenneubau Bw 144c",True,2+0_bidirectional,2,CLOSED|BORDER_LEFT|ARROW_DOWN|ARROW_DOWN|SEPARATE|ARROW_UP|ARROW_UP|BORDER_RIGHT|CLOSED,49.44482458713037,12.189344976520482,49.45692870837755,12.194463956941716
A93,A93_Sued,roadworks,2025-050324--vi-bs.2026-03-10_00-00-00-000.devi-zus.2026-02-02_00-00-00-000_001.de5,A93 | Schloßberg - Schwarzenfeld, Weiden -> Regensburg,ROADWORKS,49.456943428058274,12.194298349365505,False,2026-03-10T00:00:00+01:00,,2026-03-10,2027-03-01,"Zeitraum dieser Bauphase: Beginn: 10.03.26 um 00:00 Uhr Ende: 01.03.27 um 00:00 Uhr (Ende der Gesamtmaßnahme: 01.03.27)  A93: Weiden -> Regensburg, zwischen 2.1 km hinter Schloßberg und 7.1 km vor AS Schwarzenfeld  Länge: 1.4 km | Max. 100 km/h | Maximale Durchfahrtsbreite: 5.5 m  A93 Brückenneubau Bw 144c",True,2+0_bidirectional,2,CLOSED|BORDER_LEFT|ARROW_DOWN|ARROW_DOWN|SEPARATE|ARROW_UP|ARROW_UP|BORDER_RIGHT|CLOSED,49.456943428058274,12.194298349365505,49.44487061453687,12.189183837855479
A93,A93_Sued,roadworks,2025-048814--vi-bs.2026-03-16_00-00-00-000.devi-zus.2026-03-02_00-00-00-000_002.de3,A93 | Neustadt an der Waldnaab - Windischeschenbach, Weiden -> Hof,ROADWORKS,49.77900046628182,12.160679206448197,False,2026-03-16T00:00:00+01:00,,2026-03-16,2029-08-29,"Zeitraum dieser Bauphase: Beginn: 16.03.26 um 00:00 Uhr Ende: 29.08.29 um 00:00 Uhr (Ende der Gesamtmaßnahme: 29.08.29)  A93: Weiden -> Hof, zwischen 4.6 km hinter AS Neustadt an der Waldnaab und 2.0 km vor AS Windischeschenbach  Länge: 1.4 km | Max. 80 km/h | Maximale Durchfahrtsbreite: 5.8 m  A93 Brückenneubau Bw 104 a Waldnaabbrücke",True,2+0_bidirectional,3,ARROW_DOWN|BORDER_LEFT|ARROW_DOWN|SEPARATE|ARROW_UP|ARROW_UP|SEPARATE|CLOSED|CLOSED|BORDER_RIGHT|CLOSED,49.77900046628182,12.160679206448197,49.78948666195119,12.171448364693825
A93,A93_Sued,roadworks,2025-048817--vi-bs.2026-07-01_00-00-00-000.devi-zus.2026-05-04_00-00-00-000_001.de3,A93 | Neustadt an der Waldnaab - Angerholz, Weiden -> Hof,ROADWORKS,49.754977509007475,12.154039009106246,False,2026-07-01T00:00:00+02:00,,2026-07-01,2026-12-01,"Zeitraum dieser Bauphase: Beginn: 01.07.26 um 00:00 Uhr Ende: 01.12.26 um 00:00 Uhr (Ende der Gesamtmaßnahme: 01.12.26)  A93: Weiden -> Hof, zwischen 1.8 km hinter AS Neustadt an der Waldnaab und 1.3 km vor Angerholz  Länge: 1.75 km | Maximale Durchfahrtsbreite: 3.65 m  A93 Brückeninstandsetzung BW 107",True,2+0_bidirectional,2,ARROW_DOWN|BORDER_LEFT|ARROW_DOWN|SEPARATE|ARROW_UP|SEPARATE|ARROW_UP|CLOSED|BORDER_RIGHT|CLOSED,49.754977509007475,12.154039009106246,49.77050797079465,12.153023067936918
A93,A93_Sued,roadworks,2025-048817--vi-bs.2026-07-01_00-00-00-000.devi-zus.2026-05-04_00-00-00-000_001.de1,A93 | Angerholz - Neustadt an der Waldnaab, Hof -> Weiden,ROADWORKS,49.770542725972376,12.152865108693138,False,2026-07-01T00:00:00+02:00,,2026-07-01,2026-12-01,"Zeitraum dieser Bauphase: Beginn: 01.07.26 um 00:00 Uhr Ende: 01.12.26 um 00:00 Uhr (Ende der Gesamtmaßnahme: 01.12.26)  A93: Hof -> Weiden, zwischen 1.3 km hinter Angerholz und 1.8 km vor AS Neustadt an der Waldnaab  Länge: 1.75 km | Maximale Durchfahrtsbreite: 6.5 m  A93 Brückeninstandsetzung BW 107",True,2+0_bidirectional,2,CLOSED|BORDER_LEFT|CLOSED|ARROW_DOWN|SEPARATE|ARROW_DOWN|SEPARATE|ARROW_UP|BORDER_RIGHT|ARROW_UP,49.770542725972376,12.152865108693138,49.75497222838327,12.15388853121184
A93,A93_Sued,roadworks,2025-048814--vi-bs.2026-03-16_00-00-00-000.devi-zus.2026-03-02_00-00-00-000_002.de1,A93 | Windischeschenbach - Neustadt an der Waldnaab, Hof -> Weiden,ROADWORKS,49.78954175244709,12.17132115042228,False,2026-03-16T00:00:00+01:00,,2026-03-16,2029-08-29,"Zeitraum dieser Bauphase: Beginn: 16.03.26 um 00:00 Uhr Ende: 29.08.29 um 00:00 Uhr (Ende der Gesamtmaßnahme: 29.08.29)  A93: Hof -> Weiden, zwischen 1.9 km hinter AS Windischeschenbach und 4.6 km vor AS Neustadt an der Waldnaab  Länge: 1.4 km | Max. 80 km/h | Maximale Durchfahrtsbreite: 5.8 m  A93 Brückenneubau Bw 104 a Waldnaabbrücke",True,2+0_bidirectional,3,CLOSED|BORDER_LEFT|CLOSED|CLOSED|SEPARATE|ARROW_DOWN|ARROW_DOWN|SEPARATE|ARROW_UP|BORDER_RIGHT|ARROW_UP,49.78954175244709,12.17132115042228,49.77905281011691,12.160558226246915
A93,A93_Sued,roadworks,2026-030869--vi-bs.2026-06-17_16-00-00-000.de0,A93 | Windischeschenbach - Scherreuth, Hof -> Weiden,SHORT_TERM_ROADWORKS,49.79882765369966,12.179721308320321,False,,,,,"Die Baustelle ist zu folgenden Zeiträumen gültig: 20.06.26 00:00 bis zum 21.06.26 24:00 Uhr. 22.06.26 von 00:00 bis 12:00 Uhr  A93: Hof -> Weiden, zwischen 0.7 km hinter AS Windischeschenbach und 1.5 km vor Scherreuth  Länge: 0.6 km | Max. 80 km/h | Maximale Durchfahrtsbreite: 4 m  A93 von Windischeschenbach (AS) nach Scherreuth (Parkplatz) Schallschutzarbeiten",False,complex,2,SEPARATE|ARROW_UP|CLOSED|BORDER_RIGHT|CLOSED,49.79882765369966,12.179721308320321,49.79405354757918,12.175879423007988
A93,A93_Sued,roadworks,2025-048809--vi-bs.2026-05-30_00-00-00-000.devi-zus.2026-03-16_00-00-00-000_001.de3,A93 | Höchstädt - Schönwald, Weiden -> Hof,ROADWORKS,50.13193492238086,12.090155482897933,False,2026-05-30T00:00:00+02:00,,2026-05-30,2026-08-17,"Zeitraum dieser Bauphase: Beginn: 30.05.26 um 00:00 Uhr Ende: 17.08.26 um 00:00 Uhr (Ende der Gesamtmaßnahme: 28.11.26)  A93: Weiden -> Hof, zwischen 3.3 km hinter AS Höchstädt und 5.3 km vor AS Schönwald  Länge: 7.23 km | Maximale Durchfahrtsbreite: 3.5 m  A93 Erneuerung an der Decke D51",True,2+0_bidirectional,3,BREAKDOWN_LANE|BORDER_LEFT|ARROW_DOWN|SEPARATE|ARROW_UP|SEPARATE|CLOSED|CLOSED|BORDER_RIGHT|CLOSED,50.13193492238086,12.090155482897933,50.18439488502103,12.120388043158396
A93,A93_Sued,roadworks,2025-048808--vi-bs.2026-06-30_00-00-00-000.devi-zus.2026-06-30_00-00-00-000.de3,A93 | Selb-Nord - Schönwald, Weiden -> Hof,ROADWORKS,50.21015591423859,12.108168479056324,False,2026-06-30T00:00:00+02:00,,2026-06-30,2026-12-01,"Zeitraum dieser Bauphase: Beginn: 30.06.26 um 00:00 Uhr Ende: 01.12.26 um 00:00 Uhr (Ende der Gesamtmaßnahme: 01.12.26)  A93: Weiden -> Hof, zwischen 4.3 km hinter AS Selb-Nord und 0.3 km vor AS Schönwald  Länge: 1.1 km | Maximale Durchfahrtsbreite: 3.5 m  A93 Schallschutzarbeiten",True,2+0_bidirectional,2,ARROW_DOWN|BORDER_LEFT|ARROW_DOWN|SEPARATE|ARROW_UP|SEPARATE|ARROW_UP|CLOSED|BORDER_RIGHT|CLOSED,50.21015591423859,12.108168479056324,50.21470337372319,12.09510992018449
A93,A93_Sued,roadworks,2025-048808--vi-bs.2026-06-30_00-00-00-000.devi-zus.2026-06-30_00-00-00-000.de1,A93 | Schönwald - Selb-Nord, Hof -> Weiden,ROADWORKS,50.21459787350136,12.095074831061764,False,2026-06-30T00:00:00+02:00,,2026-06-30,2026-12-01,"Zeitraum dieser Bauphase: Beginn: 30.06.26 um 00:00 Uhr Ende: 01.12.26 um 00:00 Uhr (Ende der Gesamtmaßnahme: 01.12.26)  A93: Hof -> Weiden, zwischen 0.3 km hinter AS Schönwald und 4.3 km vor AS Selb-Nord  Länge: 1.1 km | Maximale Durchfahrtsbreite: 5.5 m  A93 Schallschutzarbeiten",True,2+0_bidirectional,2,CLOSED|BORDER_LEFT|CLOSED|ARROW_DOWN|SEPARATE|ARROW_DOWN|SEPARATE|ARROW_UP|BORDER_RIGHT|ARROW_UP,50.21459787350136,12.095074831061764,50.210115806212904,12.10804256792542
A93,A93_Sued,roadworks,2025-048809--vi-bs.2026-05-30_00-00-00-000.devi-zus.2026-03-16_00-00-00-000_001.de1,A93 | Schönwald - Höchstädt, Hof -> Weiden,ROADWORKS,50.18433354914845,12.120264255185697,False,2026-05-30T00:00:00+02:00,,2026-05-30,2026-08-17,"Zeitraum dieser Bauphase: Beginn: 30.05.26 um 00:00 Uhr Ende: 17.08.26 um 00:00 Uhr (Ende der Gesamtmaßnahme: 28.11.26)  A93: Hof -> Weiden, zwischen 5.3 km hinter AS Schönwald und 3.3 km vor AS Höchstädt  Länge: 7.23 km | Maximale Durchfahrtsbreite: 5.7 m  A93 Erneuerung an der Decke D51",True,2+0_bidirectional,3,CLOSED|BORDER_LEFT|CLOSED|CLOSED|SEPARATE|ARROW_DOWN|SEPARATE|ARROW_UP|BORDER_RIGHT|BREAKDOWN_LANE,50.18433354914845,12.120264255185697,50.13192993173243,12.089999107717924
A93,A93_Sued,roadworks,2025-063334--vi-bs.2026-06-24_00-00-00-000.devi-zus.2026-04-13_00-00-00-000_014.de81,A3 Erneuerung BW 50 Vorarbeiten, Holledau -> Regensburg,ROADWORKS,49.00621720873648,12.06097901681181,False,2026-06-24T00:00:00+02:00,,2026-06-24,2026-07-11,"Zeitraum dieser Bauphase: Beginn: 24.06.26 um 00:00 Uhr Ende: 11.07.26 um 00:00 Uhr (Ende der Gesamtmaßnahme: 24.11.26)  Von A93: Holledau -> Regensburg, zwischen 0.6 km hinter AS Regensburg-Kumpfmühl und AS Regensburg-Königswiesen nach Abfahrt von der A93: AS Regensburg-Königswiesen (aus Richtung Regensburg-Kumpfmühl)  Länge: 0.21 km | Maximale Durchfahrtsbreite: 2.75 m  A3 Erneuerung BW 50 Vorarbeiten",False,complex,0,SEPARATE|ARROW_UP|BORDER_RIGHT|BREAKDOWN_LANE,49.00621720873648,12.06097901681181,49.00798967576181,12.061228792626721
A93,A93_Sued,roadworks,2025-063334--vi-bs.2026-06-24_00-00-00-000.devi-zus.2026-04-13_00-00-00-000_014.de79,A3 Erneuerung BW 50 Vorarbeiten, AS Regensburg-Kumpfmühl (aus Richtung Regensburg) nach A93,ROADWORKS,49.00206823774284,12.065525855747598,False,2026-06-24T00:00:00+02:00,,2026-06-24,2026-07-11,"Zeitraum dieser Bauphase: Beginn: 24.06.26 um 00:00 Uhr Ende: 11.07.26 um 00:00 Uhr (Ende der Gesamtmaßnahme: 24.11.26)  Von Auffahrt auf die A93: AS Regensburg-Kumpfmühl (aus Richtung Regensburg) nach A93: Holledau -> Regensburg, zwischen AS Regensburg-Kumpfmühl und 0.5 km vor AS Regensburg-Königswiesen  Länge: 0.58 km | Maximale Durchfahrtsbreite: 2.75 m  A3 Erneuerung BW 50 Vorarbeiten",False,complex,1,SEPARATE|ARROW_UP|CLOSED,49.00206823774284,12.065525855747598,49.00581421529518,12.061111148640046
